dataset,model,fold,family,family_size_observed,oracle_method_within_family,oracle_nll_within_family
anneal,catboost,1,fallback,1,arithmetic,0.8573308579755723
anneal,catboost,1,raw_pool,4,geometric,0.8530567643915193
anneal,catboost,1,repair,4,soft_core_lambda_1,0.8505486478318981
anneal,catboost,1,full_archived,7,soft_core_lambda_1,0.8505486478318981
anneal,catboost,2,fallback,1,arithmetic,0.8123078355993876
anneal,catboost,2,raw_pool,4,j1_b_then_a,0.7783173790630591
anneal,catboost,2,repair,4,hard_core,0.8040448036300171
anneal,catboost,2,full_archived,7,j1_b_then_a,0.7783173790630591
anneal,catboost,3,fallback,1,arithmetic,0.7522927910197361
anneal,catboost,3,raw_pool,4,j2_a_then_b,0.7320461708487092
anneal,catboost,3,repair,4,hard_core,0.7384855934829815
anneal,catboost,3,full_archived,7,j2_a_then_b,0.7320461708487092
anneal,catboost,4,fallback,1,arithmetic,1.053739553806003
anneal,catboost,4,raw_pool,4,geometric,1.043128242504416
anneal,catboost,4,repair,4,soft_core_lambda_1,1.0388125528189969
anneal,catboost,4,full_archived,7,soft_core_lambda_1,1.0388125528189969
anneal,catboost,5,fallback,1,arithmetic,0.8984344505676349
anneal,catboost,5,raw_pool,4,j2_a_then_b,0.8690462185553849
anneal,catboost,5,repair,4,geometric,0.895556961281575
anneal,catboost,5,full_archived,7,j2_a_then_b,0.8690462185553849
anneal,tabiclv2,1,fallback,1,arithmetic,0.4330759893952801
anneal,tabiclv2,1,raw_pool,4,arithmetic,0.4330759893952801
anneal,tabiclv2,1,repair,4,arithmetic,0.4330759893952801
anneal,tabiclv2,1,full_archived,7,arithmetic,0.4330759893952801
anneal,tabiclv2,2,fallback,1,arithmetic,0.3116058847165233
anneal,tabiclv2,2,raw_pool,4,j1_b_then_a,0.3076427293843443
anneal,tabiclv2,2,repair,4,geometric,0.308582738708437
anneal,tabiclv2,2,full_archived,7,j1_b_then_a,0.3076427293843443
anneal,tabiclv2,3,fallback,1,arithmetic,0.221218774258279
anneal,tabiclv2,3,raw_pool,4,geometric,0.2198616060709016
anneal,tabiclv2,3,repair,4,geometric,0.2198616060709016
anneal,tabiclv2,3,full_archived,7,geometric,0.2198616060709016
anneal,tabiclv2,4,fallback,1,arithmetic,0.4989184554119495
anneal,tabiclv2,4,raw_pool,4,j2_a_then_b,0.4932314890133299
anneal,tabiclv2,4,repair,4,arithmetic,0.4989184554119495
anneal,tabiclv2,4,full_archived,7,j2_a_then_b,0.4932314890133299
anneal,tabiclv2,5,fallback,1,arithmetic,0.3050744955484277
anneal,tabiclv2,5,raw_pool,4,j2_a_then_b,0.293983622038344
anneal,tabiclv2,5,repair,4,geometric,0.3048538504263468
anneal,tabiclv2,5,full_archived,7,j2_a_then_b,0.293983622038344
anneal,tabpfn3,1,fallback,1,arithmetic,0.4466732723303235
anneal,tabpfn3,1,raw_pool,4,j1_b_then_a,0.4371185801198635
anneal,tabpfn3,1,repair,4,arithmetic,0.4466732723303235
anneal,tabpfn3,1,full_archived,7,j1_b_then_a,0.4371185801198635
anneal,tabpfn3,2,fallback,1,arithmetic,0.3416946958167661
anneal,tabpfn3,2,raw_pool,4,j1_b_then_a,0.3404503121721343
anneal,tabpfn3,2,repair,4,geometric,0.340537620382131
anneal,tabpfn3,2,full_archived,7,j1_b_then_a,0.3404503121721343
anneal,tabpfn3,3,fallback,1,arithmetic,0.2437307801551689
anneal,tabpfn3,3,raw_pool,4,geometric,0.2420456139765762
anneal,tabpfn3,3,repair,4,geometric,0.2420456139765762
anneal,tabpfn3,3,full_archived,7,geometric,0.2420456139765762
anneal,tabpfn3,4,fallback,1,arithmetic,0.5099704286878282
anneal,tabpfn3,4,raw_pool,4,j2_a_then_b,0.4960125045653331
anneal,tabpfn3,4,repair,4,geometric,0.5085492219986909
anneal,tabpfn3,4,full_archived,7,j2_a_then_b,0.4960125045653331
anneal,tabpfn3,5,fallback,1,arithmetic,0.303429874915826
anneal,tabpfn3,5,raw_pool,4,j2_a_then_b,0.2957162741221314
anneal,tabpfn3,5,repair,4,arithmetic,0.303429874915826
anneal,tabpfn3,5,full_archived,7,j2_a_then_b,0.2957162741221314
car,catboost,1,fallback,1,arithmetic,1.6136418327485793
car,catboost,1,raw_pool,4,j1_b_then_a,1.588270437699967
car,catboost,1,repair,4,hard_core,1.5988843636478494
car,catboost,1,full_archived,7,j1_b_then_a,1.588270437699967
car,catboost,2,fallback,1,arithmetic,1.5632158504551386
car,catboost,2,raw_pool,4,j2_a_then_b,1.55206207294854
car,catboost,2,repair,4,hard_core,1.55108650667916
car,catboost,2,full_archived,7,hard_core,1.55108650667916
car,catboost,3,fallback,1,arithmetic,1.7004275971531195
car,catboost,3,raw_pool,4,j1_b_then_a,1.686189996690296
car,catboost,3,repair,4,soft_core_lambda_1,1.6926818141706224
car,catboost,3,full_archived,7,j1_b_then_a,1.686189996690296
car,catboost,4,fallback,1,arithmetic,1.661261997128542
car,catboost,4,raw_pool,4,geometric,1.6604161284497572
car,catboost,4,repair,4,hard_core,1.6513762505762228
car,catboost,4,full_archived,7,hard_core,1.6513762505762228
car,catboost,5,fallback,1,arithmetic,1.507041806143268
car,catboost,5,raw_pool,4,j1_b_then_a,1.4897780252672073
car,catboost,5,repair,4,hard_core,1.4943684251946925
car,catboost,5,full_archived,7,selective_core,1.488487524377324
car,tabiclv2,1,fallback,1,arithmetic,1.3210145962027688
car,tabiclv2,1,raw_pool,4,j1_b_then_a,1.3066759437840672
car,tabiclv2,1,repair,4,geometric,1.3140200171335552
car,tabiclv2,1,full_archived,7,j1_b_then_a,1.3066759437840672
car,tabiclv2,2,fallback,1,arithmetic,1.2646294557311712
car,tabiclv2,2,raw_pool,4,j1_b_then_a,1.2605630474602436
car,tabiclv2,2,repair,4,geometric,1.2608662498751957
car,tabiclv2,2,full_archived,7,j1_b_then_a,1.2605630474602436
car,tabiclv2,3,fallback,1,arithmetic,1.2645004140327785
car,tabiclv2,3,raw_pool,4,j1_b_then_a,1.2232377131311667
car,tabiclv2,3,repair,4,geometric,1.2551845847410603
car,tabiclv2,3,full_archived,7,j1_b_then_a,1.2232377131311667
car,tabiclv2,4,fallback,1,arithmetic,1.2544190542192803
car,tabiclv2,4,raw_pool,4,j1_b_then_a,1.2435949684641243
car,tabiclv2,4,repair,4,geometric,1.2490863631641247
car,tabiclv2,4,full_archived,7,j1_b_then_a,1.2435949684641243
car,tabiclv2,5,fallback,1,arithmetic,1.257735309298777
car,tabiclv2,5,raw_pool,4,j1_b_then_a,1.2313805412344865
car,tabiclv2,5,repair,4,geometric,1.2565206749599875
car,tabiclv2,5,full_archived,7,j1_b_then_a,1.2313805412344865
car,tabpfn3,1,fallback,1,arithmetic,1.3284465270997128
car,tabpfn3,1,raw_pool,4,j1_b_then_a,1.304720130149433
car,tabpfn3,1,repair,4,geometric,1.3230526747511675
car,tabpfn3,1,full_archived,7,j1_b_then_a,1.304720130149433
car,tabpfn3,2,fallback,1,arithmetic,1.3037716117604026
car,tabpfn3,2,raw_pool,4,j1_b_then_a,1.2816778475080668
car,tabpfn3,2,repair,4,geometric,1.295874228308864
car,tabpfn3,2,full_archived,7,j1_b_then_a,1.2816778475080668
car,tabpfn3,3,fallback,1,arithmetic,1.3004850051333985
car,tabpfn3,3,raw_pool,4,j1_b_then_a,1.233963553581495
car,tabpfn3,3,repair,4,geometric,1.286706488559176
car,tabpfn3,3,full_archived,7,j1_b_then_a,1.233963553581495
car,tabpfn3,4,fallback,1,arithmetic,1.270040371918622
car,tabpfn3,4,raw_pool,4,j1_b_then_a,1.2384817656820866
car,tabpfn3,4,repair,4,geometric,1.2617246062150196
car,tabpfn3,4,full_archived,7,j1_b_then_a,1.2384817656820866
car,tabpfn3,5,fallback,1,arithmetic,1.2673381070621597
car,tabpfn3,5,raw_pool,4,j1_b_then_a,1.2447479429323358
car,tabpfn3,5,repair,4,geometric,1.263777886355958
car,tabpfn3,5,full_archived,7,j1_b_then_a,1.2447479429323358
credit,catboost,1,fallback,1,arithmetic,1.7324129669605064
credit,catboost,1,raw_pool,4,j2_a_then_b,1.725384152406083
credit,catboost,1,repair,4,soft_core_lambda_1,1.731170297095407
credit,catboost,1,full_archived,7,j2_a_then_b,1.725384152406083
credit,catboost,2,fallback,1,arithmetic,1.7798925397212004
credit,catboost,2,raw_pool,4,geometric,1.7790681036224534
credit,catboost,2,repair,4,soft_core_lambda_1,1.776773283207485
credit,catboost,2,full_archived,7,selective_core,1.769729805712403
credit,catboost,3,fallback,1,arithmetic,1.6622039252557754
credit,catboost,3,raw_pool,4,j2_a_then_b,1.6563403511158823
credit,catboost,3,repair,4,soft_core_lambda_1,1.6610947464448065
credit,catboost,3,full_archived,7,j2_a_then_b,1.6563403511158823
credit,catboost,4,fallback,1,arithmetic,1.7648651251609602
credit,catboost,4,raw_pool,4,geometric,1.764824960592031
credit,catboost,4,repair,4,geometric,1.764824960592031
credit,catboost,4,full_archived,7,geometric,1.764824960592031
credit,catboost,5,fallback,1,arithmetic,1.766424704393616
credit,catboost,5,raw_pool,4,j2_a_then_b,1.7592803757299418
credit,catboost,5,repair,4,hard_core,1.7619049055117997
credit,catboost,5,full_archived,7,j2_a_then_b,1.7592803757299418
credit,tabiclv2,1,fallback,1,arithmetic,1.7614021116344314
credit,tabiclv2,1,raw_pool,4,j2_a_then_b,1.7528916422706518
credit,tabiclv2,1,repair,4,arithmetic,1.7614021116344314
credit,tabiclv2,1,full_archived,7,j2_a_then_b,1.7528916422706518
credit,tabiclv2,2,fallback,1,arithmetic,1.7957684185908034
credit,tabiclv2,2,raw_pool,4,j1_b_then_a,1.7909236660067571
credit,tabiclv2,2,repair,4,arithmetic,1.7957684185908034
credit,tabiclv2,2,full_archived,7,j1_b_then_a,1.7909236660067571
credit,tabiclv2,3,fallback,1,arithmetic,1.6863631064959517
credit,tabiclv2,3,raw_pool,4,arithmetic,1.6863631064959517
credit,tabiclv2,3,repair,4,arithmetic,1.6863631064959517
credit,tabiclv2,3,full_archived,7,arithmetic,1.6863631064959517
credit,tabiclv2,4,fallback,1,arithmetic,1.66567402318216
credit,tabiclv2,4,raw_pool,4,j2_a_then_b,1.6538361517605935
credit,tabiclv2,4,repair,4,geometric,1.6654317586813965
credit,tabiclv2,4,full_archived,7,j2_a_then_b,1.6538361517605935
credit,tabiclv2,5,fallback,1,arithmetic,1.740317706072772
credit,tabiclv2,5,raw_pool,4,geometric,1.7400593731292786
credit,tabiclv2,5,repair,4,hard_core,1.7375268593273594
credit,tabiclv2,5,full_archived,7,hard_core,1.7375268593273594
credit,tabpfn3,1,fallback,1,arithmetic,1.7460568894021025
credit,tabpfn3,1,raw_pool,4,arithmetic,1.7460568894021025
credit,tabpfn3,1,repair,4,arithmetic,1.7460568894021025
credit,tabpfn3,1,full_archived,7,arithmetic,1.7460568894021025
credit,tabpfn3,2,fallback,1,arithmetic,1.758143880744592
credit,tabpfn3,2,raw_pool,4,j2_a_then_b,1.7569236614663786
credit,tabpfn3,2,repair,4,arithmetic,1.758143880744592
credit,tabpfn3,2,full_archived,7,j2_a_then_b,1.7569236614663786
credit,tabpfn3,3,fallback,1,arithmetic,1.6414095338632235
credit,tabpfn3,3,raw_pool,4,j2_a_then_b,1.6372543004988267
credit,tabpfn3,3,repair,4,geometric,1.641172818763308
credit,tabpfn3,3,full_archived,7,j2_a_then_b,1.6372543004988267
credit,tabpfn3,4,fallback,1,arithmetic,1.7140227658711162
credit,tabpfn3,4,raw_pool,4,j2_a_then_b,1.7027049456453742
credit,tabpfn3,4,repair,4,geometric,1.7136088616985692
credit,tabpfn3,4,full_archived,7,j2_a_then_b,1.7027049456453742
credit,tabpfn3,5,fallback,1,arithmetic,1.7444629154113211
credit,tabpfn3,5,raw_pool,4,j2_a_then_b,1.7386563203250558
credit,tabpfn3,5,repair,4,hard_core,1.742057895917865
credit,tabpfn3,5,full_archived,7,j2_a_then_b,1.7386563203250558
customer,catboost,1,fallback,1,arithmetic,1.4439355750745115
customer,catboost,1,raw_pool,4,geometric,1.4435164983342037
customer,catboost,1,repair,4,geometric,1.4435164983342037
customer,catboost,1,full_archived,7,geometric,1.4435164983342037
customer,catboost,2,fallback,1,arithmetic,1.4694528088339205
customer,catboost,2,raw_pool,4,arithmetic,1.4694528088339205
customer,catboost,2,repair,4,arithmetic,1.4694528088339205
customer,catboost,2,full_archived,7,arithmetic,1.4694528088339205
customer,catboost,3,fallback,1,arithmetic,1.3533956147183006
customer,catboost,3,raw_pool,4,j1_b_then_a,1.3527297360407693
customer,catboost,3,repair,4,hard_core,1.350410208176983
customer,catboost,3,full_archived,7,hard_core,1.350410208176983
customer,catboost,4,fallback,1,arithmetic,1.4930756774894385
customer,catboost,4,raw_pool,4,j2_a_then_b,1.4918977765197603
customer,catboost,4,repair,4,arithmetic,1.4930756774894385
customer,catboost,4,full_archived,7,j2_a_then_b,1.4918977765197603
customer,catboost,5,fallback,1,arithmetic,1.448210478231428
customer,catboost,5,raw_pool,4,arithmetic,1.448210478231428
customer,catboost,5,repair,4,arithmetic,1.448210478231428
customer,catboost,5,full_archived,7,arithmetic,1.448210478231428
customer,tabiclv2,1,fallback,1,arithmetic,1.4084667157233532
customer,tabiclv2,1,raw_pool,4,geometric,1.4078762291511835
customer,tabiclv2,1,repair,4,geometric,1.4078762291511835
customer,tabiclv2,1,full_archived,7,geometric,1.4078762291511835
customer,tabiclv2,2,fallback,1,arithmetic,1.4661158907988263
customer,tabiclv2,2,raw_pool,4,j1_b_then_a,1.4659377161054894
customer,tabiclv2,2,repair,4,arithmetic,1.4661158907988263
customer,tabiclv2,2,full_archived,7,j1_b_then_a,1.4659377161054894
customer,tabiclv2,3,fallback,1,arithmetic,1.3520302216915858
customer,tabiclv2,3,raw_pool,4,arithmetic,1.3520302216915858
customer,tabiclv2,3,repair,4,arithmetic,1.3520302216915858
customer,tabiclv2,3,full_archived,7,arithmetic,1.3520302216915858
customer,tabiclv2,4,fallback,1,arithmetic,1.518002749018072
customer,tabiclv2,4,raw_pool,4,arithmetic,1.518002749018072
customer,tabiclv2,4,repair,4,hard_core,1.5119775738248964
customer,tabiclv2,4,full_archived,7,hard_core,1.5119775738248964
customer,tabiclv2,5,fallback,1,arithmetic,1.404357703350542
customer,tabiclv2,5,raw_pool,4,geometric,1.403966629353212
customer,tabiclv2,5,repair,4,geometric,1.403966629353212
customer,tabiclv2,5,full_archived,7,geometric,1.403966629353212
customer,tabpfn3,1,fallback,1,arithmetic,1.4039256702868448
customer,tabpfn3,1,raw_pool,4,j2_a_then_b,1.4028016836593524
customer,tabpfn3,1,repair,4,geometric,1.4039157619621137
customer,tabpfn3,1,full_archived,7,j2_a_then_b,1.4028016836593524
customer,tabpfn3,2,fallback,1,arithmetic,1.4540948494952584
customer,tabpfn3,2,raw_pool,4,j1_b_then_a,1.4531429323909673
customer,tabpfn3,2,repair,4,hard_core,1.4523651841321246
customer,tabpfn3,2,full_archived,7,hard_core,1.4523651841321246
customer,tabpfn3,3,fallback,1,arithmetic,1.328250414300967
customer,tabpfn3,3,raw_pool,4,j2_a_then_b,1.3280328025032695
customer,tabpfn3,3,repair,4,geometric,1.3282354662178402
customer,tabpfn3,3,full_archived,7,j2_a_then_b,1.3280328025032695
customer,tabpfn3,4,fallback,1,arithmetic,1.500192202083651
customer,tabpfn3,4,raw_pool,4,arithmetic,1.500192202083651
customer,tabpfn3,4,repair,4,arithmetic,1.500192202083651
customer,tabpfn3,4,full_archived,7,selective_core,1.499928260297234
customer,tabpfn3,5,fallback,1,arithmetic,1.419539446156972
customer,tabpfn3,5,raw_pool,4,geometric,1.4195076197620151
customer,tabpfn3,5,repair,4,geometric,1.4195076197620151
customer,tabpfn3,5,full_archived,7,selective_core,1.4191159181386357
diamonds,catboost,1,fallback,1,arithmetic,2.6728901788478554
diamonds,catboost,1,raw_pool,4,j2_a_then_b,2.67092217382267
diamonds,catboost,1,repair,4,hard_core,2.657990601939504
diamonds,catboost,1,full_archived,7,hard_core,2.657990601939504
diamonds,catboost,2,fallback,1,arithmetic,2.6914019697508325
diamonds,catboost,2,raw_pool,4,j2_a_then_b,2.676481690885953
diamonds,catboost,2,repair,4,hard_core,2.683688892195533
diamonds,catboost,2,full_archived,7,j2_a_then_b,2.676481690885953
diamonds,catboost,3,fallback,1,arithmetic,2.781939721726761
diamonds,catboost,3,raw_pool,4,geometric,2.781683544545558
diamonds,catboost,3,repair,4,hard_core,2.7793628369427785
diamonds,catboost,3,full_archived,7,selective_core,2.777009793152246
diamonds,catboost,4,fallback,1,arithmetic,2.834034851180265
diamonds,catboost,4,raw_pool,4,j1_b_then_a,2.8321013663630543
diamonds,catboost,4,repair,4,geometric,2.8334459517812034
diamonds,catboost,4,full_archived,7,j1_b_then_a,2.8321013663630543
diamonds,catboost,5,fallback,1,arithmetic,2.842924764423296
diamonds,catboost,5,raw_pool,4,j2_a_then_b,2.8353499253409105
diamonds,catboost,5,repair,4,geometric,2.8426480616085783
diamonds,catboost,5,full_archived,7,j2_a_then_b,2.8353499253409105
diamonds,tabiclv2,1,fallback,1,arithmetic,2.1275489648737484
diamonds,tabiclv2,1,raw_pool,4,arithmetic,2.1275489648737484
diamonds,tabiclv2,1,repair,4,hard_core,2.118298805252389
diamonds,tabiclv2,1,full_archived,7,hard_core,2.118298805252389
diamonds,tabiclv2,2,fallback,1,arithmetic,2.10238371477748
diamonds,tabiclv2,2,raw_pool,4,arithmetic,2.10238371477748
diamonds,tabiclv2,2,repair,4,arithmetic,2.10238371477748
diamonds,tabiclv2,2,full_archived,7,arithmetic,2.10238371477748
diamonds,tabiclv2,3,fallback,1,arithmetic,2.284506268486669
diamonds,tabiclv2,3,raw_pool,4,j1_b_then_a,2.279050924954805
diamonds,tabiclv2,3,repair,4,soft_core_lambda_1,2.2791791959144616
diamonds,tabiclv2,3,full_archived,7,j1_b_then_a,2.279050924954805
diamonds,tabiclv2,4,fallback,1,arithmetic,2.123488801874216
diamonds,tabiclv2,4,raw_pool,4,arithmetic,2.123488801874216
diamonds,tabiclv2,4,repair,4,arithmetic,2.123488801874216
diamonds,tabiclv2,4,full_archived,7,selective_core,2.1232811107081924
diamonds,tabiclv2,5,fallback,1,arithmetic,2.206788371610312
diamonds,tabiclv2,5,raw_pool,4,geometric,2.20645903671519
diamonds,tabiclv2,5,repair,4,geometric,2.20645903671519
diamonds,tabiclv2,5,full_archived,7,geometric,2.20645903671519
diamonds,tabpfn3,1,fallback,1,arithmetic,2.1388450476408405
diamonds,tabpfn3,1,raw_pool,4,geometric,2.138501937583702
diamonds,tabpfn3,1,repair,4,soft_core_lambda_1,2.137114820563476
diamonds,tabpfn3,1,full_archived,7,soft_core_lambda_1,2.137114820563476
diamonds,tabpfn3,2,fallback,1,arithmetic,2.1811954434201013
diamonds,tabpfn3,2,raw_pool,4,j2_a_then_b,2.1762327913051145
diamonds,tabpfn3,2,repair,4,hard_core,2.176874499330021
diamonds,tabpfn3,2,full_archived,7,selective_core,2.1736715178799457
diamonds,tabpfn3,3,fallback,1,arithmetic,2.3265696710492323
diamonds,tabpfn3,3,raw_pool,4,j1_b_then_a,2.294007046310683
diamonds,tabpfn3,3,repair,4,hard_core,2.303448991239566
diamonds,tabpfn3,3,full_archived,7,j1_b_then_a,2.294007046310683
diamonds,tabpfn3,4,fallback,1,arithmetic,2.28317502673549
diamonds,tabpfn3,4,raw_pool,4,geometric,2.282169045652977
diamonds,tabpfn3,4,repair,4,hard_core,2.257548617094116
diamonds,tabpfn3,4,full_archived,7,hard_core,2.257548617094116
diamonds,tabpfn3,5,fallback,1,arithmetic,2.335805843701505
diamonds,tabpfn3,5,raw_pool,4,j2_a_then_b,2.318755742501107
diamonds,tabpfn3,5,repair,4,geometric,2.3357843907861136
diamonds,tabpfn3,5,full_archived,7,j2_a_then_b,2.318755742501107
marketing,catboost,1,fallback,1,arithmetic,1.8277659908339363
marketing,catboost,1,raw_pool,4,j2_a_then_b,1.8187157398383855
marketing,catboost,1,repair,4,arithmetic,1.8277659908339363
marketing,catboost,1,full_archived,7,j2_a_then_b,1.8187157398383855
marketing,catboost,2,fallback,1,arithmetic,1.873650422607931
marketing,catboost,2,raw_pool,4,j1_b_then_a,1.8730794208024255
marketing,catboost,2,repair,4,hard_core,1.8710205660321264
marketing,catboost,2,full_archived,7,hard_core,1.8710205660321264
marketing,catboost,3,fallback,1,arithmetic,1.7398652547351623
marketing,catboost,3,raw_pool,4,j2_a_then_b,1.734598365401375
marketing,catboost,3,repair,4,arithmetic,1.7398652547351623
marketing,catboost,3,full_archived,7,j2_a_then_b,1.734598365401375
marketing,catboost,4,fallback,1,arithmetic,1.7097054234435614
marketing,catboost,4,raw_pool,4,geometric,1.709529368024263
marketing,catboost,4,repair,4,geometric,1.709529368024263
marketing,catboost,4,full_archived,7,geometric,1.709529368024263
marketing,catboost,5,fallback,1,arithmetic,1.846663544096114
marketing,catboost,5,raw_pool,4,j1_b_then_a,1.8394642150485223
marketing,catboost,5,repair,4,hard_core,1.8388575797965496
marketing,catboost,5,full_archived,7,selective_core,1.8383907505464416
marketing,tabiclv2,1,fallback,1,arithmetic,1.7605311621266808
marketing,tabiclv2,1,raw_pool,4,j1_b_then_a,1.7512232420075762
marketing,tabiclv2,1,repair,4,geometric,1.7582297403931606
marketing,tabiclv2,1,full_archived,7,j1_b_then_a,1.7512232420075762
marketing,tabiclv2,2,fallback,1,arithmetic,1.9070714242054736
marketing,tabiclv2,2,raw_pool,4,j1_b_then_a,1.9033712139306855
marketing,tabiclv2,2,repair,4,arithmetic,1.9070714242054736
marketing,tabiclv2,2,full_archived,7,j1_b_then_a,1.9033712139306855
marketing,tabiclv2,3,fallback,1,arithmetic,1.7180894990082685
marketing,tabiclv2,3,raw_pool,4,j2_a_then_b,1.7035904655452925
marketing,tabiclv2,3,repair,4,hard_core,1.711686722219311
marketing,tabiclv2,3,full_archived,7,j2_a_then_b,1.7035904655452925
marketing,tabiclv2,4,fallback,1,arithmetic,1.6204875374803942
marketing,tabiclv2,4,raw_pool,4,j2_a_then_b,1.6173652841226385
marketing,tabiclv2,4,repair,4,soft_core_lambda_1,1.61782176714935
marketing,tabiclv2,4,full_archived,7,selective_core,1.6169199876848674
marketing,tabiclv2,5,fallback,1,arithmetic,1.7827358471467218
marketing,tabiclv2,5,raw_pool,4,j2_a_then_b,1.7792748474945834
marketing,tabiclv2,5,repair,4,soft_core_lambda_1,1.7810789361832988
marketing,tabiclv2,5,full_archived,7,j2_a_then_b,1.7792748474945834
marketing,tabpfn3,1,fallback,1,arithmetic,1.7672934899690866
marketing,tabpfn3,1,raw_pool,4,j2_a_then_b,1.7652096719172254
marketing,tabpfn3,1,repair,4,geometric,1.7667657917720687
marketing,tabpfn3,1,full_archived,7,j2_a_then_b,1.7652096719172254
marketing,tabpfn3,2,fallback,1,arithmetic,1.8219308646202093
marketing,tabpfn3,2,raw_pool,4,j1_b_then_a,1.8173633613513391
marketing,tabpfn3,2,repair,4,geometric,1.821620704323172
marketing,tabpfn3,2,full_archived,7,j1_b_then_a,1.8173633613513391
marketing,tabpfn3,3,fallback,1,arithmetic,1.713206999603727
marketing,tabpfn3,3,raw_pool,4,j2_a_then_b,1.7061915073511924
marketing,tabpfn3,3,repair,4,hard_core,1.689735792459703
marketing,tabpfn3,3,full_archived,7,hard_core,1.689735792459703
marketing,tabpfn3,4,fallback,1,arithmetic,1.5856529469885303
marketing,tabpfn3,4,raw_pool,4,geometric,1.5853719939958824
marketing,tabpfn3,4,repair,4,hard_core,1.5843244183382723
marketing,tabpfn3,4,full_archived,7,hard_core,1.5843244183382723
marketing,tabpfn3,5,fallback,1,arithmetic,1.7369526514523017
marketing,tabpfn3,5,raw_pool,4,j2_a_then_b,1.7350775343791702
marketing,tabpfn3,5,repair,4,arithmetic,1.7369526514523017
marketing,tabpfn3,5,full_archived,7,j2_a_then_b,1.7350775343791702
mic,catboost,1,fallback,1,arithmetic,1.0211482718084466
mic,catboost,1,raw_pool,4,geometric,1.020912721010586
mic,catboost,1,repair,4,soft_core_lambda_1,1.0205445818041687
mic,catboost,1,full_archived,7,soft_core_lambda_1,1.0205445818041687
mic,catboost,2,fallback,1,arithmetic,0.9456411460021604
mic,catboost,2,raw_pool,4,j2_a_then_b,0.9355948413267082
mic,catboost,2,repair,4,geometric,0.9448585044993218
mic,catboost,2,full_archived,7,j2_a_then_b,0.9355948413267082
mic,catboost,3,fallback,1,arithmetic,0.9473706805075076
mic,catboost,3,raw_pool,4,arithmetic,0.9473706805075076
mic,catboost,3,repair,4,arithmetic,0.9473706805075076
mic,catboost,3,full_archived,7,arithmetic,0.9473706805075076
mic,catboost,4,fallback,1,arithmetic,1.1554138021832598
mic,catboost,4,raw_pool,4,arithmetic,1.1554138021832598
mic,catboost,4,repair,4,arithmetic,1.1554138021832598
mic,catboost,4,full_archived,7,arithmetic,1.1554138021832598
mic,catboost,5,fallback,1,arithmetic,0.9784431501190196
mic,catboost,5,raw_pool,4,j2_a_then_b,0.976293369994933
mic,catboost,5,repair,4,geometric,0.976958358744727
mic,catboost,5,full_archived,7,j2_a_then_b,0.976293369994933
mic,tabiclv2,1,fallback,1,arithmetic,1.007278859267105
mic,tabiclv2,1,raw_pool,4,j2_a_then_b,1.0002306068167617
mic,tabiclv2,1,repair,4,hard_core,1.0009918932790605
mic,tabiclv2,1,full_archived,7,j2_a_then_b,1.0002306068167617
mic,tabiclv2,2,fallback,1,arithmetic,0.9377397629821176
mic,tabiclv2,2,raw_pool,4,j2_a_then_b,0.9353348581987824
mic,tabiclv2,2,repair,4,geometric,0.9370102862644012
mic,tabiclv2,2,full_archived,7,j2_a_then_b,0.9353348581987824
mic,tabiclv2,3,fallback,1,arithmetic,1.008326760232217
mic,tabiclv2,3,raw_pool,4,j2_a_then_b,0.9986209717190244
mic,tabiclv2,3,repair,4,geometric,1.0075798903763868
mic,tabiclv2,3,full_archived,7,j2_a_then_b,0.9986209717190244
mic,tabiclv2,4,fallback,1,arithmetic,1.111135352174303
mic,tabiclv2,4,raw_pool,4,j2_a_then_b,1.1093390891651955
mic,tabiclv2,4,repair,4,arithmetic,1.111135352174303
mic,tabiclv2,4,full_archived,7,j2_a_then_b,1.1093390891651955
mic,tabiclv2,5,fallback,1,arithmetic,0.935282258782519
mic,tabiclv2,5,raw_pool,4,j1_b_then_a,0.9330732072968176
mic,tabiclv2,5,repair,4,geometric,0.9352103861463824
mic,tabiclv2,5,full_archived,7,j1_b_then_a,0.9330732072968176
mic,tabpfn3,1,fallback,1,arithmetic,0.989674302547961
mic,tabpfn3,1,raw_pool,4,arithmetic,0.989674302547961
mic,tabpfn3,1,repair,4,arithmetic,0.989674302547961
mic,tabpfn3,1,full_archived,7,arithmetic,0.989674302547961
mic,tabpfn3,2,fallback,1,arithmetic,0.9082636079544156
mic,tabpfn3,2,raw_pool,4,j2_a_then_b,0.9078698207111572
mic,tabpfn3,2,repair,4,geometric,0.9082368465167662
mic,tabpfn3,2,full_archived,7,j2_a_then_b,0.9078698207111572
mic,tabpfn3,3,fallback,1,arithmetic,0.9572565041040668
mic,tabpfn3,3,raw_pool,4,j1_b_then_a,0.9518030865550468
mic,tabpfn3,3,repair,4,soft_core_lambda_1,0.9571687516568524
mic,tabpfn3,3,full_archived,7,j1_b_then_a,0.9518030865550468
mic,tabpfn3,4,fallback,1,arithmetic,1.1330705212244798
mic,tabpfn3,4,raw_pool,4,j1_b_then_a,1.1324434596328523
mic,tabpfn3,4,repair,4,arithmetic,1.1330705212244798
mic,tabpfn3,4,full_archived,7,j1_b_then_a,1.1324434596328523
mic,tabpfn3,5,fallback,1,arithmetic,0.930151162226607
mic,tabpfn3,5,raw_pool,4,j1_b_then_a,0.9224516443313392
mic,tabpfn3,5,repair,4,arithmetic,0.930151162226607
mic,tabpfn3,5,full_archived,7,j1_b_then_a,0.9224516443313392
nursery,catboost,1,fallback,1,arithmetic,1.647762167463278
nursery,catboost,1,raw_pool,4,geometric,1.647704635721986
nursery,catboost,1,repair,4,soft_core_lambda_1,1.6475568502508602
nursery,catboost,1,full_archived,7,soft_core_lambda_1,1.6475568502508602
nursery,catboost,2,fallback,1,arithmetic,1.531312750033277
nursery,catboost,2,raw_pool,4,j1_b_then_a,1.5210735409616634
nursery,catboost,2,repair,4,geometric,1.5294205661582274
nursery,catboost,2,full_archived,7,j1_b_then_a,1.5210735409616634
nursery,catboost,3,fallback,1,arithmetic,1.6835476526774984
nursery,catboost,3,raw_pool,4,j1_b_then_a,1.6737501130092676
nursery,catboost,3,repair,4,geometric,1.6804723568355977
nursery,catboost,3,full_archived,7,j1_b_then_a,1.6737501130092676
nursery,catboost,4,fallback,1,arithmetic,1.514346548752688
nursery,catboost,4,raw_pool,4,geometric,1.5099304938132798
nursery,catboost,4,repair,4,geometric,1.5099304938132798
nursery,catboost,4,full_archived,7,geometric,1.5099304938132798
nursery,catboost,5,fallback,1,arithmetic,1.5503401879220684
nursery,catboost,5,raw_pool,4,geometric,1.548032962259938
nursery,catboost,5,repair,4,geometric,1.548032962259938
nursery,catboost,5,full_archived,7,geometric,1.548032962259938
nursery,tabiclv2,1,fallback,1,arithmetic,1.4073016358073789
nursery,tabiclv2,1,raw_pool,4,arithmetic,1.4073016358073789
nursery,tabiclv2,1,repair,4,arithmetic,1.4073016358073789
nursery,tabiclv2,1,full_archived,7,arithmetic,1.4073016358073789
nursery,tabiclv2,2,fallback,1,arithmetic,1.3096568626350074
nursery,tabiclv2,2,raw_pool,4,j1_b_then_a,1.289570612105124
nursery,tabiclv2,2,repair,4,geometric,1.305445256254962
nursery,tabiclv2,2,full_archived,7,j1_b_then_a,1.289570612105124
nursery,tabiclv2,3,fallback,1,arithmetic,1.4646806073901326
nursery,tabiclv2,3,raw_pool,4,j2_a_then_b,1.428644402440756
nursery,tabiclv2,3,repair,4,arithmetic,1.4646806073901326
nursery,tabiclv2,3,full_archived,7,j2_a_then_b,1.428644402440756
nursery,tabiclv2,4,fallback,1,arithmetic,1.2956777071512402
nursery,tabiclv2,4,raw_pool,4,arithmetic,1.2956777071512402
nursery,tabiclv2,4,repair,4,arithmetic,1.2956777071512402
nursery,tabiclv2,4,full_archived,7,arithmetic,1.2956777071512402
nursery,tabiclv2,5,fallback,1,arithmetic,1.3402081963794443
nursery,tabiclv2,5,raw_pool,4,j1_b_then_a,1.3348217534606377
nursery,tabiclv2,5,repair,4,geometric,1.338576491996206
nursery,tabiclv2,5,full_archived,7,j1_b_then_a,1.3348217534606377
nursery,tabpfn3,1,fallback,1,arithmetic,1.4231332420492269
nursery,tabpfn3,1,raw_pool,4,j1_b_then_a,1.4026717376630673
nursery,tabpfn3,1,repair,4,geometric,1.4213724339620837
nursery,tabpfn3,1,full_archived,7,j1_b_then_a,1.4026717376630673
nursery,tabpfn3,2,fallback,1,arithmetic,1.3568062299325836
nursery,tabpfn3,2,raw_pool,4,j1_b_then_a,1.3245263416928088
nursery,tabpfn3,2,repair,4,geometric,1.3567618212974322
nursery,tabpfn3,2,full_archived,7,j1_b_then_a,1.3245263416928088
nursery,tabpfn3,3,fallback,1,arithmetic,1.389435567877451
nursery,tabpfn3,3,raw_pool,4,j1_b_then_a,1.3596981198931042
nursery,tabpfn3,3,repair,4,geometric,1.388456743923495
nursery,tabpfn3,3,full_archived,7,j1_b_then_a,1.3596981198931042
nursery,tabpfn3,4,fallback,1,arithmetic,1.282586816679084
nursery,tabpfn3,4,raw_pool,4,j1_b_then_a,1.271742838021682
nursery,tabpfn3,4,repair,4,geometric,1.2755986203429868
nursery,tabpfn3,4,full_archived,7,j1_b_then_a,1.271742838021682
nursery,tabpfn3,5,fallback,1,arithmetic,1.365782109990797
nursery,tabpfn3,5,raw_pool,4,j1_b_then_a,1.353399143083391
nursery,tabpfn3,5,repair,4,geometric,1.364474305688611
nursery,tabpfn3,5,full_archived,7,j1_b_then_a,1.353399143083391
phishing,catboost,1,fallback,1,arithmetic,0.9587172154495198
phishing,catboost,1,raw_pool,4,geometric,0.9551401205097094
phishing,catboost,1,repair,4,geometric,0.9551401205097094
phishing,catboost,1,full_archived,7,geometric,0.9551401205097094
phishing,catboost,2,fallback,1,arithmetic,1.049988237998127
phishing,catboost,2,raw_pool,4,j2_a_then_b,1.0294975251695342
phishing,catboost,2,repair,4,soft_core_lambda_1,1.0414628265563584
phishing,catboost,2,full_archived,7,selective_core,1.0264408289957196
phishing,catboost,3,fallback,1,arithmetic,0.9923022043703092
phishing,catboost,3,raw_pool,4,geometric,0.987499121539524
phishing,catboost,3,repair,4,soft_core_lambda_1,0.9840216271383536
phishing,catboost,3,full_archived,7,selective_core,0.9801301303792398
phishing,catboost,4,fallback,1,arithmetic,1.072237027833523
phishing,catboost,4,raw_pool,4,geometric,1.06862639327439
phishing,catboost,4,repair,4,geometric,1.06862639327439
phishing,catboost,4,full_archived,7,geometric,1.06862639327439
phishing,catboost,5,fallback,1,arithmetic,1.1821256499602688
phishing,catboost,5,raw_pool,4,geometric,1.1770400288590943
phishing,catboost,5,repair,4,geometric,1.1770400288590943
phishing,catboost,5,full_archived,7,selective_core,1.1749435153841876
phishing,tabiclv2,1,fallback,1,arithmetic,0.7256458882731991
phishing,tabiclv2,1,raw_pool,4,j1_b_then_a,0.7186623403807038
phishing,tabiclv2,1,repair,4,geometric,0.7248906727479366
phishing,tabiclv2,1,full_archived,7,j1_b_then_a,0.7186623403807038
phishing,tabiclv2,2,fallback,1,arithmetic,0.7873714382249148
phishing,tabiclv2,2,raw_pool,4,arithmetic,0.7873714382249148
phishing,tabiclv2,2,repair,4,arithmetic,0.7873714382249148
phishing,tabiclv2,2,full_archived,7,selective_core,0.7856156703290771
phishing,tabiclv2,3,fallback,1,arithmetic,0.7780699041562833
phishing,tabiclv2,3,raw_pool,4,geometric,0.7779893581357509
phishing,tabiclv2,3,repair,4,geometric,0.7779893581357509
phishing,tabiclv2,3,full_archived,7,geometric,0.7779893581357509
phishing,tabiclv2,4,fallback,1,arithmetic,0.8422818595702457
phishing,tabiclv2,4,raw_pool,4,geometric,0.8419167915769024
phishing,tabiclv2,4,repair,4,geometric,0.8419167915769024
phishing,tabiclv2,4,full_archived,7,geometric,0.8419167915769024
phishing,tabiclv2,5,fallback,1,arithmetic,1.0246832243975414
phishing,tabiclv2,5,raw_pool,4,j2_a_then_b,1.0203320677103207
phishing,tabiclv2,5,repair,4,arithmetic,1.0246832243975414
phishing,tabiclv2,5,full_archived,7,j2_a_then_b,1.0203320677103207
phishing,tabpfn3,1,fallback,1,arithmetic,0.7315819344802172
phishing,tabpfn3,1,raw_pool,4,j1_b_then_a,0.7232173986730612
phishing,tabpfn3,1,repair,4,geometric,0.729129132828352
phishing,tabpfn3,1,full_archived,7,j1_b_then_a,0.7232173986730612
phishing,tabpfn3,2,fallback,1,arithmetic,0.777950629743007
phishing,tabpfn3,2,raw_pool,4,geometric,0.7771875753359313
phishing,tabpfn3,2,repair,4,geometric,0.7771875753359313
phishing,tabpfn3,2,full_archived,7,geometric,0.7771875753359313
phishing,tabpfn3,3,fallback,1,arithmetic,0.7962356826798953
phishing,tabpfn3,3,raw_pool,4,geometric,0.7952015592952906
phishing,tabpfn3,3,repair,4,geometric,0.7952015592952906
phishing,tabpfn3,3,full_archived,7,selective_core,0.7942369610355615
phishing,tabpfn3,4,fallback,1,arithmetic,0.8462559037953109
phishing,tabpfn3,4,raw_pool,4,geometric,0.8453234720971889
phishing,tabpfn3,4,repair,4,geometric,0.8453234720971889
phishing,tabpfn3,4,full_archived,7,geometric,0.8453234720971889
phishing,tabpfn3,5,fallback,1,arithmetic,1.0101236799964672
phishing,tabpfn3,5,raw_pool,4,arithmetic,1.0101236799964672
phishing,tabpfn3,5,repair,4,arithmetic,1.0101236799964672
phishing,tabpfn3,5,full_archived,7,arithmetic,1.0101236799964672
wine,catboost,1,fallback,1,arithmetic,1.2659906899273763
wine,catboost,1,raw_pool,4,j1_b_then_a,1.241099498165059
wine,catboost,1,repair,4,geometric,1.2634627388812487
wine,catboost,1,full_archived,7,selective_core,1.24024293927802
wine,catboost,2,fallback,1,arithmetic,1.2532641061012002
wine,catboost,2,raw_pool,4,j1_b_then_a,1.2431520755051106
wine,catboost,2,repair,4,geometric,1.2501533308665835
wine,catboost,2,full_archived,7,j1_b_then_a,1.2431520755051106
wine,catboost,3,fallback,1,arithmetic,1.384601506053023
wine,catboost,3,raw_pool,4,j1_b_then_a,1.370627749329604
wine,catboost,3,repair,4,geometric,1.383012082561517
wine,catboost,3,full_archived,7,j1_b_then_a,1.370627749329604
wine,catboost,4,fallback,1,arithmetic,1.2297705951288114
wine,catboost,4,raw_pool,4,j1_b_then_a,1.2150043323358868
wine,catboost,4,repair,4,geometric,1.2248585632173952
wine,catboost,4,full_archived,7,j1_b_then_a,1.2150043323358868
wine,catboost,5,fallback,1,arithmetic,1.285468569936278
wine,catboost,5,raw_pool,4,j1_b_then_a,1.2740897147460415
wine,catboost,5,repair,4,geometric,1.2787472007308405
wine,catboost,5,full_archived,7,selective_core,1.2737433687286766
wine,tabiclv2,1,fallback,1,arithmetic,1.0413749454770074
wine,tabiclv2,1,raw_pool,4,j1_b_then_a,1.0322781178378233
wine,tabiclv2,1,repair,4,arithmetic,1.0413749454770074
wine,tabiclv2,1,full_archived,7,j1_b_then_a,1.0322781178378233
wine,tabiclv2,2,fallback,1,arithmetic,1.0764823836503483
wine,tabiclv2,2,raw_pool,4,j2_a_then_b,1.066046686211472
wine,tabiclv2,2,repair,4,soft_core_lambda_1,1.070966181605899
wine,tabiclv2,2,full_archived,7,j2_a_then_b,1.066046686211472
wine,tabiclv2,3,fallback,1,arithmetic,1.202728686590378
wine,tabiclv2,3,raw_pool,4,j1_b_then_a,1.1977140891288995
wine,tabiclv2,3,repair,4,arithmetic,1.202728686590378
wine,tabiclv2,3,full_archived,7,j1_b_then_a,1.1977140891288995
wine,tabiclv2,4,fallback,1,arithmetic,1.053310250272941
wine,tabiclv2,4,raw_pool,4,j1_b_then_a,1.0468793053473742
wine,tabiclv2,4,repair,4,geometric,1.0523546889718327
wine,tabiclv2,4,full_archived,7,j1_b_then_a,1.0468793053473742
wine,tabiclv2,5,fallback,1,arithmetic,1.1336449856128696
wine,tabiclv2,5,raw_pool,4,j1_b_then_a,1.1238023246400468
wine,tabiclv2,5,repair,4,geometric,1.1331179702693013
wine,tabiclv2,5,full_archived,7,j1_b_then_a,1.1238023246400468
wine,tabpfn3,1,fallback,1,arithmetic,1.0463333434738835
wine,tabpfn3,1,raw_pool,4,j1_b_then_a,1.0397125133451253
wine,tabpfn3,1,repair,4,geometric,1.0457705419715575
wine,tabpfn3,1,full_archived,7,j1_b_then_a,1.0397125133451253
wine,tabpfn3,2,fallback,1,arithmetic,1.0648276162156032
wine,tabpfn3,2,raw_pool,4,j2_a_then_b,1.057551905044976
wine,tabpfn3,2,repair,4,hard_core,1.0570569397466547
wine,tabpfn3,2,full_archived,7,hard_core,1.0570569397466547
wine,tabpfn3,3,fallback,1,arithmetic,1.1853044450984294
wine,tabpfn3,3,raw_pool,4,j1_b_then_a,1.1797244197192993
wine,tabpfn3,3,repair,4,arithmetic,1.1853044450984294
wine,tabpfn3,3,full_archived,7,j1_b_then_a,1.1797244197192993
wine,tabpfn3,4,fallback,1,arithmetic,1.035561303839351
wine,tabpfn3,4,raw_pool,4,j1_b_then_a,1.0309708485709947
wine,tabpfn3,4,repair,4,geometric,1.034903020908141
wine,tabpfn3,4,full_archived,7,j1_b_then_a,1.0309708485709947
wine,tabpfn3,5,fallback,1,arithmetic,1.1371961395859889
wine,tabpfn3,5,raw_pool,4,j1_b_then_a,1.1288129779995362
wine,tabpfn3,5,repair,4,geometric,1.1355963581859403
wine,tabpfn3,5,full_archived,7,j1_b_then_a,1.1288129779995362
