dataset,model,method,joint_nll_mean,joint_nll_sd,joint_brier_mean,factorization_tv_mean,marginal_distortion_mean,n_folds
anneal,catboost,arithmetic,0.8748210977936669,0.11379411971958148,0.3715944171624035,0.09254675630834394,0.02402234024560488,5
anneal,catboost,geometric,0.8702951763120476,0.11105206509423618,0.3692785319733528,0.09254675630834394,0.02453751180333742,5
anneal,catboost,hard_core,0.8749625172798441,0.11799419325062561,0.3699031855416487,0.09254675630834394,3.795614765821381e-13,5
anneal,catboost,independent,0.8835996562610882,0.11700601129413839,0.37420158808157467,0.09254675630834394,5.0606999873244876e-17,5
anneal,catboost,j1_b_then_a,0.88010555996037,0.11428602038589274,0.3733939534969194,0.09254675630834394,0.0107029033571948,5
anneal,catboost,j2_a_then_b,0.8801619882677869,0.12219107428115243,0.37573146784436906,0.09254675630834394,0.03734177713401502,5
anneal,catboost,selective_core,0.8947758623241315,0.12486942805232468,0.3824320477737454,0.09254675630834394,0.029196141446530027,5
anneal,catboost,soft_core_lambda_1,0.8709817040333453,0.11343985419751858,0.36859037205284484,0.09254675630834394,0.01233682285399888,5
anneal,tabiclv2,arithmetic,0.3539787198660919,0.11076573077851126,0.1856275148077667,0.03032261138652646,0.00833252550427128,5
anneal,tabiclv2,geometric,0.35402197130166296,0.11266670773027061,0.185799212596004,0.03032261138652646,0.00852898853413126,5
anneal,tabiclv2,hard_core,0.36132438841354597,0.10990537239920938,0.18650478146204735,0.03032261138652646,1.458180693908449e-13,5
anneal,tabiclv2,independent,0.3678347152328424,0.11151656301921528,0.18639947968202653,0.03032261138652646,3.711342025460456e-17,5
anneal,tabiclv2,j1_b_then_a,0.36222045642176165,0.11527278726161849,0.188100488819697,0.03032261138652646,0.004455828104562421,5
anneal,tabiclv2,j2_a_then_b,0.35471098048866156,0.11131388342094121,0.18592221947389395,0.03032261138652646,0.01220922290398018,5
anneal,tabiclv2,selective_core,0.3527349248791943,0.10975853884614052,0.18508949672603775,0.03032261138652646,0.005828052626844586,5
anneal,tabiclv2,soft_core_lambda_1,0.3566171553107769,0.1119166918737815,0.18580387863930092,0.03032261138652646,0.00474437057769358,5
anneal,tabpfn3,arithmetic,0.36909981038118256,0.10798512347656443,0.19023844530511672,0.02381194543164642,0.00647780657037976,5
anneal,tabpfn3,geometric,0.37083202164210144,0.1104972743924496,0.19028050993333978,0.02381194543164642,0.00681741783975804,5
anneal,tabpfn3,hard_core,0.3823081327431711,0.1160982227493063,0.19240978150768254,0.02381194543164642,1.5658772663581983e-13,5
anneal,tabpfn3,independent,0.38531639904271225,0.10790537365845712,0.19398281297972342,0.02381194543164642,3.7083353231955e-17,5
anneal,tabpfn3,j1_b_then_a,0.37387248807631546,0.1139813583937121,0.19108661888281486,0.02381194543164642,0.00412746387412056,5
anneal,tabpfn3,j2_a_then_b,0.3752458065904213,0.11404527850016319,0.19098043400223585,0.02381194543164642,0.00882814926663902,5
anneal,tabpfn3,selective_core,0.3698373938135129,0.10576088708337207,0.19066118683595212,0.02381194543164642,0.002770621361847522,5
anneal,tabpfn3,soft_core_lambda_1,0.37445516534019874,0.11156847950531691,0.19094196147691414,0.02381194543164642,0.00392542582438086,5
car,catboost,arithmetic,1.6091178167257294,0.07681708910862793,0.7633184310933471,0.1116676629657724,0.02898644586253562,5
car,catboost,geometric,1.6078202814983604,0.07715601380626409,0.7634161227294388,0.1116676629657724,0.028529487292306636,5
car,catboost,hard_core,1.599297705489267,0.08115425262176057,0.7584618136162534,0.1116676629657724,4.3895878685390473e-13,5
car,catboost,independent,1.7881404339271003,0.10450255130372947,0.7964922689323806,0.1116676629657724,3.633297005270486e-17,5
car,catboost,j1_b_then_a,1.6061001201578293,0.08003150734346824,0.7579851826722256,0.1116676629657724,0.02104682578832022,5
car,catboost,j2_a_then_b,1.6300189271532601,0.08172658216340156,0.7757911948768816,0.1116676629657724,0.036926065936751004,5
car,catboost,selective_core,1.6045149326838786,0.08701485819096488,0.7590564674894086,0.1116676629657724,0.005585463859497949,5
car,catboost,soft_core_lambda_1,1.600995633687398,0.0773641564924378,0.760174081673621,0.1116676629657724,0.01642898463063772,5
car,tabiclv2,arithmetic,1.2724597658969552,0.027497788480917575,0.7030145507396103,0.09770228538821672,0.034623392511526616,5
car,tabiclv2,geometric,1.2671355779747846,0.026545864417175085,0.7026339060335343,0.09770228538821672,0.03616839511726748,5
car,tabiclv2,hard_core,1.3323805688535544,0.02749393125804949,0.7140511514300171,0.09770228538821672,2.0033654584497493e-13,5
car,tabiclv2,independent,1.6419637252728951,0.06048306309202867,0.7791648508832628,0.09770228538821672,2.4109758536955724e-17,5
car,tabiclv2,j1_b_then_a,1.2530904428148175,0.033090463368052735,0.6981809068199751,0.09770228538821672,0.0323276120443092,5
car,tabiclv2,j2_a_then_b,1.3106196187654973,0.031510724887508085,0.7162320577767046,0.09770228538821672,0.03691917297874414,5
car,tabiclv2,selective_core,1.276317283614566,0.01859553246583482,0.7055518846341471,0.09770228538821672,0.034706465316571976,5
car,tabiclv2,soft_core_lambda_1,1.2739155330757728,0.024673800185624005,0.7033329410526957,0.09770228538821672,0.02738651397886806,5
car,tabpfn3,arithmetic,1.294016324594859,0.025539292754363466,0.7073408920344866,0.111521898377862,0.034840845638922854,5
car,tabpfn3,geometric,1.2862271768380371,0.025267366545811094,0.7071591683972065,0.111521898377862,0.03718115950637294,5
car,tabpfn3,hard_core,1.3392309784351786,0.030610327903090723,0.7147727496771952,0.111521898377862,1.9205319143933228e-13,5
car,tabpfn3,independent,1.6409427001618095,0.066053424763474,0.7784412978981844,0.111521898377862,2.4376411787940768e-17,5
car,tabpfn3,j1_b_then_a,1.2607182479706833,0.030987077578757963,0.6984759784532952,0.111521898377862,0.03492141112807254,5
car,tabpfn3,j2_a_then_b,1.350784395390478,0.029979110016804672,0.725633929763796,0.111521898377862,0.03476028014977324,5
car,tabpfn3,selective_core,1.2940902688532518,0.018319075244516956,0.7078423385781777,0.111521898377862,0.027146220703010128,5
car,tabpfn3,soft_core_lambda_1,1.2905537378909637,0.026317617890839928,0.7060722499597416,0.111521898377862,0.02721361654277902,5
credit,catboost,arithmetic,1.7411598522984117,0.047463196811183245,0.7726015950103019,0.06467965654018316,0.02062766758656954,5
credit,catboost,geometric,1.7407971351578406,0.047793178850063976,0.772493383446886,0.06467965654018316,0.020549961447718902,5
credit,catboost,hard_core,1.7412407711366875,0.046457240490976597,0.7729671793167368,0.06467965654018316,2.440729503271414e-13,5
credit,catboost,independent,1.784400253750548,0.04393573186950095,0.783879204591635,0.06467965654018316,2.8175703957467046e-17,5
credit,catboost,j1_b_then_a,1.751425109914139,0.04536940237602226,0.7770641900498806,0.06467965654018316,0.017756132167628356,5
credit,catboost,j2_a_then_b,1.7375307221668952,0.04965379146182901,0.7702863240567782,0.06467965654018316,0.023499203005510737,5
credit,catboost,selective_core,1.7400188711817184,0.040441051702909486,0.7729031913025306,0.06467965654018316,0.01447067223229189,5
credit,catboost,soft_core_lambda_1,1.7398988067904646,0.04725937868913594,0.7723735678528545,0.06467965654018316,0.01058873668193014,5
credit,tabiclv2,arithmetic,1.7299050731952235,0.05352568838978661,0.7677637359150981,0.07020972561192478,0.021282096235926782,5
credit,tabiclv2,geometric,1.730394167878351,0.053638539614500644,0.7679178683992886,0.07020972561192478,0.02113871290336264,5
credit,tabiclv2,hard_core,1.741358645924985,0.05542501493220886,0.7711579842491157,0.07020972561192478,1.9392770944865268e-13,5
credit,tabiclv2,independent,1.7830356621575407,0.05461984110971518,0.780835435545884,0.07020972561192478,1.5627419063662938e-17,5
credit,tabiclv2,j1_b_then_a,1.7396674513291555,0.04683666045809066,0.7716051229824599,0.07020972561192478,0.0176388422316709,5
credit,tabiclv2,j2_a_then_b,1.730514827989661,0.060526994681647135,0.7669408561095421,0.07020972561192478,0.02492535024018264,5
credit,tabiclv2,selective_core,1.7367173325802774,0.06251397782605768,0.7704150088591153,0.07020972561192478,0.013637760966696322,5
credit,tabiclv2,soft_core_lambda_1,1.7341750427771836,0.054250960543535766,0.769127601521666,0.07020972561192478,0.01123879087693272,5
credit,tabpfn3,arithmetic,1.720819197058471,0.04727891874376139,0.7693038046861906,0.05162143226272984,0.01576873497635316,5
credit,tabpfn3,geometric,1.7205259236366306,0.04730968372761299,0.769223545763714,0.05162143226272984,0.01577499995619408,5
credit,tabpfn3,hard_core,1.7289174180497757,0.04600699592890914,0.7725742126513389,0.05162143226272984,2.0957401124840213e-13,5
credit,tabpfn3,independent,1.780678431778485,0.03127755251693682,0.7863804531808336,0.05162143226272984,1.1888276821303557e-17,5
credit,tabpfn3,j1_b_then_a,1.7295389079070502,0.045913390176384024,0.7730619727455341,0.05162143226272984,0.01333701221925522,5
credit,tabpfn3,j2_a_then_b,1.7165218333957017,0.048810035188399846,0.7672319506169191,0.05162143226272984,0.01820045773345114,5
credit,tabpfn3,selective_core,1.7186486720677678,0.04622685933139341,0.7687056312691032,0.05162143226272984,0.01646531348408366,5
credit,tabpfn3,soft_core_lambda_1,1.723666308954937,0.04692210897402758,0.7705475688926916,0.05162143226272984,0.008775871632488701,5
customer,catboost,arithmetic,1.4416140308695198,0.053044062497390854,0.6709247120579596,0.046944422829909224,0.014039766127185879,5
customer,catboost,geometric,1.441656666181604,0.05332280799417723,0.6709470776048553,0.046944422829909224,0.014033069009508358,5
customer,catboost,hard_core,1.4438825146807042,0.05678108624629706,0.6728227922362484,0.046944422829909224,6.47018408902328e-14,5
customer,catboost,independent,1.444970216670138,0.057191385238001685,0.6729339116377375,0.046944422829909224,2.6622584345381563e-17,5
customer,catboost,j1_b_then_a,1.4430991630034664,0.05497532924899449,0.6727459267251776,0.046944422829909224,0.007777403193156579,5
customer,catboost,j2_a_then_b,1.4441868395684114,0.051804521885656055,0.670577254849651,0.046944422829909224,0.02030212906121518,5
customer,catboost,selective_core,1.4446801755185796,0.055711421833105304,0.6732129809565046,0.046944422829909224,0.008034693255670114,5
customer,catboost,soft_core_lambda_1,1.4422705686695825,0.055049887469683756,0.6717059804301255,0.046944422829909224,0.00701204390832236,5
customer,tabiclv2,arithmetic,1.4297946561164758,0.06373603104021887,0.667423970191059,0.05490253239141778,0.015792577262205378,5
customer,tabiclv2,geometric,1.4300388448834154,0.06435070938301381,0.6675368216281052,0.05490253239141778,0.0159024843558201,5
customer,tabiclv2,hard_core,1.4371458805517188,0.05765360904955944,0.6684479362077603,0.05490253239141778,1.334600962644934e-13,5
customer,tabiclv2,independent,1.4368577623409027,0.055191633671501386,0.6677605372376227,0.05490253239141778,1.8936480327053955e-17,5
customer,tabiclv2,j1_b_then_a,1.4333427625793562,0.06462861400523004,0.6676489308667215,0.05490253239141778,0.00885641546746364,5
customer,tabiclv2,j2_a_then_b,1.4331567137416565,0.0650087580008544,0.6692922601459079,0.05490253239141778,0.0227287390569472,5
customer,tabiclv2,selective_core,1.435256328521169,0.05853315523253304,0.6684811267739317,0.05490253239141778,0.007787870477817219,5
customer,tabiclv2,soft_core_lambda_1,1.4327205562361613,0.060917445794330755,0.667727320160654,0.05490253239141778,0.0079978359613933,5
customer,tabpfn3,arithmetic,1.4212005164647388,0.0637624977940259,0.6628099037219695,0.01319450888126574,0.00355446156199786,5
customer,tabpfn3,geometric,1.4212139584279744,0.06380508295804327,0.6628098817874528,0.01319450888126574,0.0035469402317812398,5
customer,tabpfn3,hard_core,1.4213249067590754,0.06331749458202805,0.6628139112295356,0.01319450888126574,2.0784041381802537e-14,5
customer,tabpfn3,independent,1.4227106264839582,0.06395389226067495,0.6627553007758892,0.01319450888126574,1.7809545342379467e-17,5
customer,tabpfn3,j1_b_then_a,1.4216875221582044,0.06379293177318003,0.6629009831228224,0.01319450888126574,0.0022115469789584603,5
customer,tabpfn3,j2_a_then_b,1.4212049898563195,0.06409040349610007,0.662838411177014,0.01319450888126574,0.00489737614503732,5
customer,tabpfn3,selective_core,1.4211565694638326,0.06331927510853137,0.6628057216257878,0.01319450888126574,0.0007278868277642203,5
customer,tabpfn3,soft_core_lambda_1,1.421220931929197,0.06354805443268624,0.662799956033505,0.01319450888126574,0.00178021159348856,5
diamonds,catboost,arithmetic,2.764638297185802,0.07909688493344094,0.9122457717469791,0.08997970138147027,0.027209763379079523,5
diamonds,catboost,geometric,2.7640129686235304,0.07945394245639771,0.9122249923682689,0.08997970138147027,0.02706499459369876,5
diamonds,catboost,hard_core,2.7631254660751474,0.08947603133120581,0.9130844474733145,0.08997970138147027,1.808108255675102e-13,5
diamonds,catboost,independent,2.7603319797170878,0.09024575912732745,0.9127830445378935,0.08997970138147027,4.8271391224485874e-17,5
diamonds,catboost,j1_b_then_a,2.777749781741091,0.07535136157359543,0.9138940400195098,0.08997970138147027,0.02045495122572516,5
diamonds,catboost,j2_a_then_b,2.7635691526184925,0.08567842089222275,0.9122288928576076,0.08997970138147027,0.03396457553243392,5
diamonds,catboost,selective_core,2.7727235087372093,0.0826808415743024,0.9135487441472632,0.08997970138147027,0.013546557190067452,5
diamonds,catboost,soft_core_lambda_1,2.762306436604462,0.0843351266531286,0.9124730276283811,0.08997970138147027,0.01351884820622882,5
diamonds,tabiclv2,arithmetic,2.1689432243244853,0.07582352849877318,0.8400322371917017,0.14553639621853792,0.04260151252582488,5
diamonds,tabiclv2,geometric,2.172002499155452,0.07395939016846478,0.8403735027673186,0.14553639621853792,0.04195550472653704,5
diamonds,tabiclv2,hard_core,2.18279495284751,0.07956089260625354,0.8423526264920277,0.14553639621853792,1.3439804692019324e-13,5
diamonds,tabiclv2,independent,2.1896045222820133,0.07804892492506599,0.8430890309391291,0.14553639621853792,4.7491252042496487e-17,5
diamonds,tabiclv2,j1_b_then_a,2.1970878303588774,0.06075614724605985,0.8430046040932018,0.14553639621853792,0.028253388542059422,5
diamonds,tabiclv2,j2_a_then_b,2.1899010818139164,0.0963123569592572,0.8457503302390897,0.14553639621853792,0.056949636509590416,5
diamonds,tabiclv2,selective_core,2.1846758261291432,0.07904148266253243,0.8424735094438102,0.14553639621853792,0.03744241317403898,5
diamonds,tabiclv2,soft_core_lambda_1,2.172749274196925,0.07508047883660404,0.8405194523039949,0.14553639621853792,0.02095212663665314,5
diamonds,tabpfn3,arithmetic,2.2531182065094337,0.08855367597926324,0.8535306008274752,0.07279379983502854,0.02061734884597032,5
diamonds,tabpfn3,geometric,2.252498035937525,0.08872665738770118,0.8534240528958834,0.07279379983502854,0.02037545379577536,5
diamonds,tabpfn3,hard_core,2.2470916052903034,0.09025100601649856,0.8525626677419499,0.07279379983502854,1.5502013765554306e-13,5
diamonds,tabpfn3,independent,2.2506889551831377,0.09172807477840786,0.8529974540873985,0.07279379983502854,4.756316249274042e-17,5
diamonds,tabpfn3,j1_b_then_a,2.257430166848352,0.08730954069455575,0.8541159174035317,0.07279379983502854,0.01535022669474736,5
diamonds,tabpfn3,j2_a_then_b,2.258868133437216,0.09442520142633554,0.8547641913490892,0.07279379983502854,0.02588447099719336,5
diamonds,tabpfn3,selective_core,2.241908429908173,0.07724596922468506,0.8511486447462729,0.07279379983502854,0.007802255885115831,5
diamonds,tabpfn3,soft_core_lambda_1,2.248676030240673,0.08914564675098632,0.8527723467453535,0.07279379983502854,0.01017495047174978,5
marketing,catboost,arithmetic,1.7995301271433408,0.07095952294441076,0.7820571373242722,0.05653477556427224,0.01617992809799976,5
marketing,catboost,geometric,1.7994283465207253,0.07073382209519914,0.7820469307658842,0.05653477556427224,0.016229978274034378,5
marketing,catboost,hard_core,1.8021604815152152,0.06623328551926232,0.7832583755086763,0.05653477556427224,1.0651903146964746e-13,5
marketing,catboost,independent,1.8073136108310497,0.06559533653612162,0.7841839116311898,0.05653477556427224,4.213074117007109e-17,5
marketing,catboost,j1_b_then_a,1.8044659603935276,0.06801510498600011,0.7838020558452746,0.05653477556427224,0.00780731023194384,5
marketing,catboost,j2_a_then_b,1.8000044189660067,0.07476961921766785,0.781932116428034,0.05653477556427224,0.02455254596405576,5
marketing,catboost,selective_core,1.8045912294695383,0.0671047663869718,0.7827831535205523,0.05653477556427224,0.00480895492720426,5
marketing,catboost,soft_core_lambda_1,1.8001391384312027,0.06834285322426076,0.7824447224058593,0.05653477556427224,0.00813596698334052,5
marketing,tabiclv2,arithmetic,1.7577830939935075,0.10409472684406795,0.7703711861182877,0.060030504526716634,0.01753770760894224,5
marketing,tabiclv2,geometric,1.7569193445451003,0.10492236768986356,0.7702940818758887,0.060030504526716634,0.01753325607740788,5
marketing,tabiclv2,hard_core,1.7620314440416949,0.10758248494462143,0.7714072922393957,0.060030504526716634,2.5431388265626184e-13,5
marketing,tabiclv2,independent,1.7675615827199145,0.10744596105898824,0.773816946771336,0.060030504526716634,1.839540924610995e-17,5
marketing,tabiclv2,j1_b_then_a,1.7640775275038294,0.09928938468012503,0.7719557996417459,0.060030504526716634,0.013098952538593642,5
marketing,tabiclv2,j2_a_then_b,1.7584506238018167,0.11085987081900901,0.7705532536080644,0.060030504526716634,0.02197646267929082,5
marketing,tabiclv2,selective_core,1.757773492432646,0.10411077580673056,0.7702405670552536,0.060030504526716634,0.0038796606414053295,5
marketing,tabiclv2,soft_core_lambda_1,1.7581482667847417,0.1060929241742836,0.7705732367440662,0.060030504526716634,0.00883052009020854,5
marketing,tabpfn3,arithmetic,1.7250073905267709,0.08786904098537096,0.7635109462780809,0.02341513923814078,0.00583768897476512,5
marketing,tabpfn3,geometric,1.724873814372928,0.08782095502737622,0.7634847710615839,0.02341513923814078,0.0057450595778442805,5
marketing,tabpfn3,hard_core,1.722285582019031,0.09196453778202941,0.7637935332584135,0.02341513923814078,3.5019445086461526e-14,5
marketing,tabpfn3,independent,1.7258929548853814,0.09116689527141895,0.7647441917740188,0.02341513923814078,1.6372391819962487e-17,5
marketing,tabpfn3,j1_b_then_a,1.7280002993131731,0.08707858868962999,0.7640784453381428,0.02341513923814078,0.0072396694092974195,5
marketing,tabpfn3,j2_a_then_b,1.724034367412354,0.08910049321774648,0.7632902319322467,0.02341513923814078,0.004435708540232839,5
marketing,tabpfn3,selective_core,1.7213803359712958,0.09022156704348001,0.7640980134927207,0.02341513923814078,0.00464413822593438,5
marketing,tabpfn3,soft_core_lambda_1,1.7235131047568941,0.08957953700847399,0.7635953806245711,0.02341513923814078,0.00289098212872764,5
mic,catboost,arithmetic,1.0096034101240787,0.08707611603430282,0.4544820157914165,0.04044151648594298,0.012506175044963899,5
mic,catboost,geometric,1.0094375921521161,0.0878819962103702,0.4545106509363174,0.04044151648594298,0.01248940623359288,5
mic,catboost,hard_core,1.0137866024507818,0.08617921755720157,0.45650124963756217,0.04044151648594298,2.460563355713777e-14,5
mic,catboost,independent,1.013911571149632,0.08640324766078188,0.4565496430412238,0.04044151648594298,4.7175669403917706e-17,5
mic,catboost,j1_b_then_a,1.0145458774258216,0.08532966547769587,0.4566313049469398,0.04044151648594298,0.012620207144316758,5
mic,catboost,j2_a_then_b,1.009165774232485,0.09161300718109382,0.4538719313676943,0.04044151648594298,0.01239214294561112,5
mic,catboost,selective_core,1.0145789807338172,0.08529797948133577,0.456174022492258,0.04044151648594298,0.012808615358664779,5
mic,catboost,soft_core_lambda_1,1.011016598335847,0.0869329318130074,0.4553279612990043,0.04044151648594298,0.0062411492913745596,5
mic,tabiclv2,arithmetic,0.9999525986876524,0.07165559144005298,0.45500906096360244,0.037309762611720046,0.01125179669758766,5
mic,tabiclv2,geometric,0.9998974635936622,0.0719636300105971,0.4550972173014781,0.037309762611720046,0.01123809112006982,5
mic,tabiclv2,hard_core,1.0050078799868842,0.0744163177606572,0.4582858426511248,0.037309762611720046,1.114055977778128e-13,5
mic,tabiclv2,independent,1.0052394395631556,0.07583381698657614,0.4586394776977989,0.037309762611720046,3.2218803972948636e-17,5
mic,tabiclv2,j1_b_then_a,1.0077388726648018,0.07398325417493976,0.45808707448691965,0.037309762611720046,0.01106179146354694,5
mic,tabiclv2,j2_a_then_b,0.9966145740662137,0.07024206343725141,0.45318578152918815,0.037309762611720046,0.011441801931628439,5
mic,tabiclv2,selective_core,1.0005704332988299,0.0712056349480017,0.4547878363357592,0.037309762611720046,0.0069071702006032795,5
mic,tabiclv2,soft_core_lambda_1,1.001916830988757,0.07314650530534147,0.45657162651515326,0.037309762611720046,0.005636557383657539,5
mic,tabpfn3,arithmetic,0.9836832196115062,0.08888845431330589,0.44706470255337905,0.01600368732533272,0.00460022302241324,5
mic,tabpfn3,geometric,0.9838463724684889,0.08892075981818973,0.4470749329475822,0.01600368732533272,0.00460221861117982,5
mic,tabpfn3,hard_core,0.9847779365746723,0.08917122047047628,0.4471292148261292,0.01600368732533272,4.002493510100102e-15,5
mic,tabpfn3,independent,0.9847517035228401,0.09135805946473578,0.44739164204890586,0.01600368732533272,3.3654347471021345e-17,5
mic,tabpfn3,j1_b_then_a,0.9814553097167773,0.09011245847335939,0.4461129176657348,0.01600368732533272,0.00421520444342168,5
mic,tabpfn3,j2_a_then_b,0.9870514760344766,0.08781482092299807,0.4482786693863806,0.01600368732533272,0.00498524160140474,5
mic,tabpfn3,selective_core,0.9845607019243369,0.08849292903403493,0.44776051390007704,0.01600368732533272,0.003440647820810154,5
mic,tabpfn3,soft_core_lambda_1,0.9842134376440802,0.08905503689489401,0.44706968038697975,0.01600368732533272,0.00230534414010404,5
nursery,catboost,arithmetic,1.585461861369762,0.07537439301369572,0.7612249951110602,0.09067801239857952,0.03331766037933174,5
nursery,catboost,geometric,1.5831122029578057,0.07602645834999355,0.7611786948746954,0.09067801239857952,0.03382955527416756,5
nursery,catboost,hard_core,1.6321407334077325,0.08570817306135227,0.7668014729876436,0.09067801239857952,7.60716106263954e-13,5
nursery,catboost,independent,2.2252039184690893,0.06537328848104286,0.8760209243120733,0.09067801239857952,4.2392304944183223e-17,5
nursery,catboost,j1_b_then_a,1.5817838765752978,0.07584951430827613,0.7613365433154998,0.09067801239857952,0.03425152105321696,5
nursery,catboost,j2_a_then_b,1.6006522401554766,0.07850251862510238,0.7655866258051522,0.09067801239857952,0.03238379970544666,5
nursery,catboost,selective_core,1.5922837827024474,0.08345353504102244,0.7629388842249345,0.09067801239857952,0.02654459002081646,5
nursery,catboost,soft_core_lambda_1,1.5880464015683788,0.0768740056622843,0.7621771288916077,0.09067801239857952,0.02722864521173024,5
nursery,tabiclv2,arithmetic,1.3635050018726407,0.07105904842208993,0.7361991452370032,0.11394082141714094,0.03991700821313968,5
nursery,tabiclv2,geometric,1.3636549760422843,0.07283128617430593,0.7374366287811835,0.11394082141714094,0.04116126118192094,5
nursery,tabiclv2,hard_core,1.4414832047146109,0.09896503653748949,0.7462161897986466,0.11394082141714094,1.4348669317925194e-12,5
nursery,tabiclv2,independent,2.111662348262884,0.08991716109135212,0.8687509569627636,0.11394082141714094,3.3484972645306005e-17,5
nursery,tabiclv2,j1_b_then_a,1.3836825506115182,0.10468508592094239,0.7449362842541423,0.11394082141714094,0.039733699491622,5
nursery,tabiclv2,j2_a_then_b,1.3769680412167176,0.05474987655605074,0.7366833780746129,0.11394082141714094,0.04010031693465744,5
nursery,tabiclv2,selective_core,1.385429971523186,0.10132927224640605,0.7461451892996811,0.11394082141714094,0.0343843725587938,5
nursery,tabiclv2,soft_core_lambda_1,1.3710954612967532,0.07472517883234825,0.7396673280310561,0.11394082141714094,0.0316727747856703,5
nursery,tabpfn3,arithmetic,1.3635487933058283,0.05202336771428726,0.7294868312627608,0.0965827708957432,0.03273496075966348,5
nursery,tabpfn3,geometric,1.3613327850429218,0.05413311935870845,0.7297694593500677,0.0965827708957432,0.03396279451219954,5
nursery,tabpfn3,hard_core,1.4219683225187523,0.06905186214950837,0.7332863808221048,0.0965827708957432,1.3246517132590999e-11,5
nursery,tabpfn3,independent,2.0819064466741692,0.06434093741600899,0.8609553301633863,0.0965827708957432,3.322087438979701e-17,5
nursery,tabpfn3,j1_b_then_a,1.3424076360708106,0.048385923495101665,0.7228821515262809,0.0965827708957432,0.034095857006529826,5
nursery,tabpfn3,j2_a_then_b,1.4035981553178938,0.05851835352786667,0.7422194268773354,0.0965827708957432,0.031374064512797215,5
nursery,tabpfn3,selective_core,1.3445409919524374,0.047629672660340294,0.7234474081923198,0.0965827708957432,0.03363394930018594,5
nursery,tabpfn3,soft_core_lambda_1,1.3669264433837358,0.05628959018609434,0.7299604065094871,0.0965827708957432,0.026393038927220197,5
phishing,catboost,arithmetic,1.0510740671223495,0.08603413159545381,0.47684918237217955,0.10598557026306066,0.033407199440695576,5
phishing,catboost,geometric,1.0462004085471746,0.08569134497481679,0.475238560508798,0.10598557026306066,0.03221477222690462,5
phishing,catboost,hard_core,1.0666406484731392,0.08543940368971824,0.4782258529281105,0.10598557026306066,2.425394371560925e-13,5
phishing,catboost,independent,1.2075630947854123,0.10286597009434015,0.5242910692057777,0.10598557026306066,3.507800603805289e-17,5
phishing,catboost,j1_b_then_a,1.0750117375625954,0.08856054657471549,0.4809538721179554,0.10598557026306066,0.030929331860229958,5
phishing,catboost,j2_a_then_b,1.0469005399123579,0.08511478484533327,0.47955759511862467,0.10598557026306066,0.03588506702116126,5
phishing,catboost,selective_core,1.0418280004788811,0.08570041556955375,0.47433938140259996,0.10598557026306066,0.024155369830773897,5
phishing,catboost,soft_core_lambda_1,1.0476198191421873,0.08576945656801592,0.47403259456399266,0.10598557026306066,0.01955174520877976,5
phishing,tabiclv2,arithmetic,0.8316104629244367,0.11558886597528684,0.39495359207221226,0.07503317657983137,0.026963940749725378,5
phishing,tabiclv2,geometric,0.8330059129637425,0.11913769276893783,0.3954980955279938,0.07503317657983137,0.026932420144915557,5
phishing,tabiclv2,hard_core,0.8821964891024576,0.11920786850050101,0.40859585059173964,0.07503317657983137,1.6990420011037248e-13,5
phishing,tabiclv2,independent,0.9934324813810711,0.1599620795009464,0.4370166969966123,0.07503317657983137,2.936014189134826e-17,5
phishing,tabiclv2,j1_b_then_a,0.8407465468161227,0.1332539112561405,0.39652823091134803,0.07503317657983137,0.0253717763433982,5
phishing,tabiclv2,j2_a_then_b,0.8434640392062331,0.10408580018464264,0.3999064475493178,0.07503317657983137,0.02855610515605258,5
phishing,tabiclv2,selective_core,0.8424318419434733,0.13004762501660677,0.3959956122997954,0.07503317657983137,0.025126934762568297,5
phishing,tabiclv2,soft_core_lambda_1,0.8452288463804546,0.11998168558196742,0.3990177331989532,0.07503317657983137,0.01814615989481938,5
phishing,tabpfn3,arithmetic,0.8324295661389796,0.10748786237809861,0.396061960386255,0.06414471412419068,0.022274755665439922,5
phishing,tabpfn3,geometric,0.83176628128442,0.10898906414559281,0.396228777015471,0.06414471412419068,0.02215782474478904,5
phishing,tabpfn3,hard_core,0.868479416664431,0.10797016972813415,0.40339194261562306,0.06414471412419068,2.17277038603851e-13,5
phishing,tabpfn3,independent,0.9751445884724502,0.14515786356942173,0.4343699698639698,0.06414471412419068,2.816183379295576e-17,5
phishing,tabpfn3,j1_b_then_a,0.8366342018386316,0.11220778226773626,0.39693426440635143,0.06414471412419068,0.020216721881673762,5
phishing,tabpfn3,j2_a_then_b,0.8396134557306603,0.10420995134696126,0.3995714642393826,0.06414471412419068,0.02433278944920612,5
phishing,tabpfn3,selective_core,0.8360641036705774,0.11983203589608983,0.3961185349479224,0.06414471412419068,0.01927429478405156,5
phishing,tabpfn3,soft_core_lambda_1,0.8402844283906001,0.10837467294470986,0.3979405929400601,0.06414471412419068,0.01481652683467428,5
wine,catboost,arithmetic,1.2838190934293379,0.059859240843814374,0.6117459941015496,0.08339518213137323,0.017098582562743,5
wine,catboost,geometric,1.280046783251517,0.06086446095716676,0.6107338000265216,0.08339518213137323,0.017591113335188042,5
wine,catboost,hard_core,1.2875436599063073,0.06159831042783297,0.6126692205294588,0.08339518213137323,3.98151496039216e-14,5
wine,catboost,independent,1.3097316642718215,0.06073336345724764,0.6186894136666629,0.08339518213137323,4.0681298390729537e-17,5
wine,catboost,j1_b_then_a,1.2687946740163405,0.06065471780090043,0.6094370673940894,0.08339518213137323,0.02915349273468054,5
wine,catboost,j2_a_then_b,1.3076789332481726,0.06215848870293121,0.6175430500737831,0.08339518213137323,0.005043672390805521,5
wine,catboost,selective_core,1.2685540930354597,0.060746030084579135,0.6088712000703148,0.08339518213137323,0.0247661567403067,5
wine,catboost,soft_core_lambda_1,1.2830994428004925,0.06130009749427751,0.6113574417206484,0.08339518213137323,0.00889005059862784,5
wine,tabiclv2,arithmetic,1.1015082503207088,0.06679016027172978,0.5690839330907002,0.05585487387398862,0.01446345206919358,5
wine,tabiclv2,geometric,1.1016368480729088,0.0666292401410245,0.5690459713438157,0.05585487387398862,0.014386795980964939,5
wine,tabiclv2,hard_core,1.1121931928562614,0.06602461303756806,0.5727273629819548,0.05585487387398862,1.6282111202467868e-13,5
wine,tabiclv2,independent,1.1357884212273108,0.07045885632056138,0.5735420326150944,0.05585487387398862,3.0612610302092156e-17,5
wine,tabiclv2,j1_b_then_a,1.0987250800133452,0.06626501481592681,0.5686626715771783,0.05585487387398862,0.027488638166104817,5
wine,tabiclv2,j2_a_then_b,1.1142167959448463,0.06827855942343825,0.5725724388039579,0.05585487387398862,0.00143826597228238,5
wine,tabiclv2,selective_core,1.1044702273843,0.058563508415553224,0.5704777018893175,0.05585487387398862,0.0173199821276828,5
wine,tabiclv2,soft_core_lambda_1,1.1051739580163116,0.06682994243256163,0.5704360865998238,0.05585487387398862,0.00746516149896964,5
wine,tabpfn3,arithmetic,1.0938445696426513,0.06469255503124752,0.5606680817108545,0.03579913238714108,0.00943161412460294,5
wine,tabpfn3,geometric,1.0945355708255793,0.06803951325378318,0.560401095308743,0.03579913238714108,0.0093015709942702,5
wine,tabpfn3,hard_core,1.1030339603122368,0.0668606374890645,0.5614135838944633,0.03579913238714108,1.8105555425408444e-13,5
wine,tabpfn3,independent,1.119975634344413,0.0795478631621617,0.5615085862377205,0.03579913238714108,3.091978564236107e-17,5
wine,tabpfn3,j1_b_then_a,1.0910662424248287,0.06276429309958544,0.5618172901490011,0.03579913238714108,0.0177167066802608,5
wine,tabpfn3,j2_a_then_b,1.1041878870228548,0.0738772722977934,0.5611775977856688,0.03579913238714108,0.00114652156894508,5
wine,tabpfn3,selective_core,1.0942685752895156,0.07069981292762242,0.5601785526363785,0.03579913238714108,0.00888777797718846,5
wine,tabpfn3,soft_core_lambda_1,1.0968122752114835,0.06811477225561928,0.5605863779005003,0.03579913238714108,0.00494975265798002,5
