dataset,model,fold,family,selected_kind,selected_weight,selected_penalty,joint_nll,marginal_distortion
anneal,tabiclv2,1,raw_only,j1,0.5,,0.4379005838764512,0.0041948501789097
anneal,tabiclv2,1,pool_only,geometric,1.0,,0.4379005838764511,0.0041948501789097
anneal,tabiclv2,1,repair_only,soft,1.0,0.03,0.4379659272062236,0.0041283824863602
anneal,tabiclv2,1,full,j1,0.5,,0.4379005838764512,0.0041948501789097
anneal,tabiclv2,2,raw_only,j2,0.5,,0.3175793819667871,0.012861755017463
anneal,tabiclv2,2,pool_only,geometric,0.0,,0.3175793819667871,0.012861755017463
anneal,tabiclv2,2,repair_only,hard,0.0,,0.312948275978388,1.884285210569122e-13
anneal,tabiclv2,2,full,hard,0.0,,0.312948275978388,1.884285210569122e-13
anneal,tabiclv2,3,raw_only,j1,0.5,,0.2256106534894582,0.0053180046888476
anneal,tabiclv2,3,pool_only,geometric,1.0,,0.2256106534894582,0.0053180046888476
anneal,tabiclv2,3,repair_only,soft,1.0,0.03,0.225470973881298,0.0052157015183816
anneal,tabiclv2,3,full,j1,0.5,,0.2256106534894582,0.0053180046888476
anneal,tabiclv2,4,raw_only,j2,0.5,,0.4932314890133299,0.0064123448055381
anneal,tabiclv2,4,pool_only,geometric,0.0,,0.4932314890133299,0.0064123448055381
anneal,tabiclv2,4,repair_only,soft,0.0,0.03,0.4934082667985226,0.0062589793082459
anneal,tabiclv2,4,full,j2,0.5,,0.4932314890133299,0.0064123448055381
anneal,tabiclv2,5,raw_only,j2,0.5,,0.293983622038344,0.0132150634607391
anneal,tabiclv2,5,pool_only,geometric,0.0,,0.2939836220383441,0.0132150634607391
anneal,tabiclv2,5,repair_only,soft,0.0,0.03,0.2944359651480731,0.0128511901217591
anneal,tabiclv2,5,full,j2,0.5,,0.293983622038344,0.0132150634607391
anneal,tabpfn3,1,raw_only,j1,0.5,,0.4371185801198635,0.004218124426883
anneal,tabpfn3,1,pool_only,geometric,1.0,,0.4371185801198635,0.004218124426883
anneal,tabpfn3,1,repair_only,soft,1.0,0.03,0.4373000994140724,0.0041567878258604
anneal,tabpfn3,1,full,j1,0.5,,0.4371185801198635,0.004218124426883
anneal,tabpfn3,2,raw_only,j1,0.5,,0.3404503121721343,0.0053767171518401
anneal,tabpfn3,2,pool_only,geometric,0.5,,0.340537620382131,0.0080046532938274
anneal,tabpfn3,2,repair_only,hard,0.0,,0.3465721179176476,1.662791326899438e-13
anneal,tabpfn3,2,full,hard,0.0,,0.3465721179176476,1.662791326899438e-13
anneal,tabpfn3,3,raw_only,j1,0.5,,0.2432475099607935,0.0046836129439361
anneal,tabpfn3,3,pool_only,geometric,1.0,,0.2432475099607935,0.0046836129439361
anneal,tabpfn3,3,repair_only,soft,1.0,0.03,0.2432894417299085,0.0045854494194344
anneal,tabpfn3,3,full,j1,0.5,,0.2432475099607935,0.0046836129439361
anneal,tabpfn3,4,raw_only,j1,0.5,,0.5354183704937521,0.0055171233486854
anneal,tabpfn3,4,pool_only,geometric,0.5,,0.5085492219986909,0.0091664099138537
anneal,tabpfn3,4,repair_only,soft,0.0,3.0,0.5117206046548277,0.0049513694381789
anneal,tabpfn3,4,full,soft,0.0,3.0,0.5117206046548277,0.0049513694381789
anneal,tabpfn3,5,raw_only,j2,0.5,,0.2957162741221314,0.0056150598942315
anneal,tabpfn3,5,pool_only,geometric,0.25,,0.2994434491004314,0.0044331656352891
anneal,tabpfn3,5,repair_only,hard,0.0,,0.310528156414432,7.333123632040529e-14
anneal,tabpfn3,5,full,hard,0.0,,0.310528156414432,7.333123632040529e-14
anneal,catboost,1,raw_only,j2,0.5,,0.86874054706974,0.0412362485896041
anneal,catboost,1,pool_only,geometric,0.0,,0.8687405470697401,0.0412362485896041
anneal,catboost,1,repair_only,soft,0.0,0.03,0.8673925991755878,0.0401043962571755
anneal,catboost,1,full,j2,0.5,,0.86874054706974,0.0412362485896041
anneal,catboost,2,raw_only,j2,0.5,,0.8583225062587453,0.0248495009259558
anneal,catboost,2,pool_only,geometric,0.0,,0.8583225062587452,0.0248495009259558
anneal,catboost,2,repair_only,soft,0.0,0.03,0.8564101435361096,0.0240943525675118
anneal,catboost,2,full,j2,0.5,,0.8583225062587453,0.0248495009259558
anneal,catboost,3,raw_only,j2,0.5,,0.7320461708487092,0.0286782974926906
anneal,catboost,3,pool_only,geometric,0.0,,0.732046170848709,0.0286782974926906
anneal,catboost,3,repair_only,soft,0.0,0.03,0.7314829087623627,0.0279575225876382
anneal,catboost,3,full,j2,0.5,,0.7320461708487092,0.0286782974926906
anneal,catboost,4,raw_only,j2,0.5,,1.0726544986063558,0.0512166602243996
anneal,catboost,4,pool_only,geometric,0.0,,1.072654498606356,0.0512166602243996
anneal,catboost,4,repair_only,soft,0.0,0.03,1.0702239651072183,0.0497847307491903
anneal,catboost,4,full,geometric,0.0,,1.072654498606356,0.0512166602243996
anneal,catboost,5,raw_only,j1,0.5,,0.9381348908842498,0.0119247671977338
anneal,catboost,5,pool_only,geometric,1.0,,0.9381348908842498,0.0119247671977338
anneal,catboost,5,repair_only,hard,0.0,,0.9421155888371072,5.5170643986461604e-17
anneal,catboost,5,full,hard,0.0,,0.9421155888371072,5.5170643986461604e-17
diamonds,tabiclv2,1,raw_only,j1,0.5,,2.1690316575206814,0.0283124974049192
diamonds,tabiclv2,1,pool_only,arithmetic,0.5,,2.1275489648737484,0.0389802186738571
diamonds,tabiclv2,1,repair_only,soft,0.75,0.03,2.1459270372779926,0.0329867647531491
diamonds,tabiclv2,1,full,arithmetic,0.5,,2.1275489648737484,0.0389802186738571
diamonds,tabiclv2,2,raw_only,j1,0.5,,2.1351811895028603,0.0284745773697011
diamonds,tabiclv2,2,pool_only,geometric,1.0,,2.1351811895028607,0.0284745773697012
diamonds,tabiclv2,2,repair_only,soft,1.0,0.03,2.1337233213258484,0.0277042240148457
diamonds,tabiclv2,2,full,j1,0.5,,2.1351811895028603,0.0284745773697011
diamonds,tabiclv2,3,raw_only,j2,0.5,,2.347010319268134,0.0681121559592589
diamonds,tabiclv2,3,pool_only,geometric,0.25,,2.30930557341892,0.0580138304038684
diamonds,tabiclv2,3,repair_only,soft,0.25,0.3,2.295075139141744,0.0444992950873942
diamonds,tabiclv2,3,full,soft,0.25,0.3,2.295075139141744,0.0444992950873942
diamonds,tabiclv2,4,raw_only,j2,0.5,,2.133415635999328,0.0595224523361614
diamonds,tabiclv2,4,pool_only,geometric,0.25,,2.1233836685117886,0.0507631474457295
diamonds,tabiclv2,4,repair_only,soft,0.25,0.03,2.1232811107081924,0.0492572233901219
diamonds,tabiclv2,4,full,soft,0.25,0.03,2.1232811107081924,0.0492572233901219
diamonds,tabiclv2,5,raw_only,j1,0.5,,2.2422927264191705,0.0260007513491206
diamonds,tabiclv2,5,pool_only,geometric,1.0,,2.2422927264191705,0.0260007513491206
diamonds,tabiclv2,5,repair_only,soft,1.0,0.03,2.2421328340031,0.0252484049308607
diamonds,tabiclv2,5,full,j1,0.5,,2.2422927264191705,0.0260007513491206
diamonds,tabpfn3,1,raw_only,j2,0.5,,2.145508618072558,0.02974476150342
diamonds,tabpfn3,1,pool_only,geometric,0.25,,2.140443916055543,0.0257412348976421
diamonds,tabpfn3,1,repair_only,hard,1.0,,2.147269967520144,1.3261359623463532e-14
diamonds,tabpfn3,1,full,hard,1.0,,2.147269967520144,1.3261359623463532e-14
diamonds,tabpfn3,2,raw_only,j2,0.5,,2.1762327913051145,0.0203852657134817
diamonds,tabpfn3,2,pool_only,geometric,0.25,,2.1767603451627613,0.0191037757131835
diamonds,tabpfn3,2,repair_only,hard,1.0,,2.1736715178799457,2.3499057072216293e-13
diamonds,tabpfn3,2,full,hard,1.0,,2.1736715178799457,2.3499057072216293e-13
diamonds,tabpfn3,3,raw_only,j1,0.5,,2.294007046310683,0.0128416093610678
diamonds,tabpfn3,3,pool_only,geometric,0.5,,2.3260825904371885,0.0198074616539547
diamonds,tabpfn3,3,repair_only,hard,1.0,,2.3029380257045484,5.09030812987488e-14
diamonds,tabpfn3,3,full,hard,1.0,,2.3029380257045484,5.09030812987488e-14
diamonds,tabpfn3,4,raw_only,j2,0.5,,2.287321392079304,0.0262333868318152
diamonds,tabpfn3,4,pool_only,geometric,0.0,,2.287321392079304,0.0262333868318152
diamonds,tabpfn3,4,repair_only,soft,0.0,1.0,2.2669068959351204,0.0133321134616331
diamonds,tabpfn3,4,full,soft,0.0,1.0,2.2669068959351204,0.0133321134616331
diamonds,tabpfn3,5,raw_only,j2,0.5,,2.318755742501107,0.0256791659636469
diamonds,tabpfn3,5,pool_only,geometric,0.0,,2.318755742501107,0.0256791659636469
diamonds,tabpfn3,5,repair_only,soft,0.0,0.03,2.3197411118516715,0.0250059540141661
diamonds,tabpfn3,5,full,j2,0.5,,2.318755742501107,0.0256791659636469
diamonds,catboost,1,raw_only,j1,0.5,,2.6865818861872475,0.022065998496744
diamonds,catboost,1,pool_only,geometric,0.75,,2.676942175632444,0.0259520030040918
diamonds,catboost,1,repair_only,soft,0.75,0.03,2.676140280089536,0.0251907395250032
diamonds,catboost,1,full,geometric,0.75,,2.676942175632444,0.0259520030040918
diamonds,catboost,2,raw_only,j1,0.5,,2.7167475554705534,0.0221134538057358
diamonds,catboost,2,pool_only,geometric,0.75,,2.7025646121092604,0.0229877895664057
diamonds,catboost,2,repair_only,soft,0.75,0.03,2.7018058508866547,0.0223095861849104
diamonds,catboost,2,full,geometric,0.75,,2.7025646121092604,0.0229877895664057
diamonds,catboost,3,raw_only,j2,0.5,,2.784259337348531,0.0289130310102028
diamonds,catboost,3,pool_only,geometric,0.5,,2.781683544545558,0.0240536245442205
diamonds,catboost,3,repair_only,hard,1.0,,2.777009793152246,3.4757021208624984e-14
diamonds,catboost,3,full,hard,1.0,,2.777009793152246,3.4757021208624984e-14
diamonds,catboost,4,raw_only,j2,0.5,,2.8508326356943985,0.0366529075145143
diamonds,catboost,4,pool_only,geometric,0.0,,2.8508326356943985,0.0366529075145143
diamonds,catboost,4,repair_only,soft,0.0,1.0,2.84450115949078,0.0187929933797958
diamonds,catboost,4,full,soft,0.0,1.0,2.84450115949078,0.0187929933797958
diamonds,catboost,5,raw_only,j2,0.5,,2.8353499253409105,0.0396031841243969
diamonds,catboost,5,pool_only,geometric,0.5,,2.8426480616085783,0.0295066827166293
diamonds,catboost,5,repair_only,hard,1.0,,2.8625998033013165,9.202694487529806e-15
diamonds,catboost,5,full,hard,1.0,,2.8625998033013165,9.202694487529806e-15
car,tabiclv2,1,raw_only,j1,0.5,,1.3066759437840672,0.0343678888128922
car,tabiclv2,1,pool_only,geometric,0.75,,1.3067022365533092,0.0374590756542632
car,tabiclv2,1,repair_only,soft,0.75,0.03,1.3065350667107123,0.0370102277860164
car,tabiclv2,1,full,geometric,0.75,,1.3067022365533092,0.0374590756542632
car,tabiclv2,2,raw_only,j1,0.5,,1.2605630474602436,0.027916679627023
car,tabiclv2,2,pool_only,arithmetic,0.5,,1.2646294557311712,0.0322339797576635
car,tabiclv2,2,repair_only,soft,0.0,1.0,1.2787609616580888,0.0272765649096926
car,tabiclv2,2,full,arithmetic,0.5,,1.2646294557311712,0.0322339797576635
car,tabiclv2,3,raw_only,j1,0.5,,1.2232377131311667,0.0360341115631211
car,tabiclv2,3,pool_only,arithmetic,0.5,,1.2645004140327785,0.0346553414762209
car,tabiclv2,3,repair_only,soft,0.5,1.0,1.2691667449062012,0.0282696290021725
car,tabiclv2,3,full,soft,0.5,1.0,1.2691667449062012,0.0282696290021725
car,tabiclv2,4,raw_only,j2,0.5,,1.278453952806636,0.0356604728279108
car,tabiclv2,4,pool_only,geometric,0.25,,1.2604066191576453,0.0347222427311042
car,tabiclv2,4,repair_only,soft,0.25,0.03,1.2603408415425132,0.0342054505583985
car,tabiclv2,4,full,geometric,0.25,,1.2604066191576453,0.0347222427311042
car,tabiclv2,5,raw_only,j2,0.5,,1.3132712188582834,0.0415451492942485
car,tabiclv2,5,pool_only,geometric,0.25,,1.2806813617245032,0.0408473994376565
car,tabiclv2,5,repair_only,soft,0.25,0.03,1.2796752960776392,0.0403101751794631
car,tabiclv2,5,full,geometric,0.25,,1.2806813617245032,0.0408473994376565
car,tabpfn3,1,raw_only,j1,0.5,,1.304720130149433,0.0397395624346515
car,tabpfn3,1,pool_only,geometric,0.75,,1.3101591130722596,0.040706354431008
car,tabpfn3,1,repair_only,soft,0.75,0.03,1.310092839088827,0.0402401431624
car,tabpfn3,1,full,geometric,0.75,,1.3101591130722596,0.040706354431008
car,tabpfn3,2,raw_only,j2,0.5,,1.3400146272572342,0.0251591069492011
car,tabpfn3,2,pool_only,arithmetic,0.5,,1.3037716117604026,0.0262330683956122
car,tabpfn3,2,repair_only,soft,0.0,3.0,1.333424976308928,0.0125760889329544
car,tabpfn3,2,full,arithmetic,0.5,,1.3037716117604026,0.0262330683956122
car,tabpfn3,3,raw_only,j2,0.5,,1.3879965949122346,0.0367024739843614
car,tabpfn3,3,pool_only,geometric,0.5,,1.286706488559176,0.0405142296590101
car,tabpfn3,3,repair_only,soft,0.5,1.0,1.2998941288639778,0.0292820215095645
car,tabpfn3,3,full,soft,0.5,1.0,1.2998941288639778,0.0292820215095645
car,tabpfn3,4,raw_only,j2,0.5,,1.3261012263187657,0.0351126719363577
car,tabpfn3,4,pool_only,geometric,0.25,,1.2874040144049577,0.0363558757127289
car,tabpfn3,4,repair_only,hard,1.0,,1.2934609213417845,1.9513835036396252e-13
car,tabpfn3,4,full,hard,1.0,,1.2934609213417845,1.9513835036396252e-13
car,tabpfn3,5,raw_only,j1,0.5,,1.2447479429323358,0.0377003665802826
car,tabpfn3,5,pool_only,geometric,0.5,,1.263777886355958,0.041077953384048
car,tabpfn3,5,repair_only,soft,0.5,0.1,1.2631655692278354,0.0395096591786708
car,tabpfn3,5,full,soft,0.5,0.1,1.2631655692278354,0.0395096591786708
car,catboost,1,raw_only,j1,0.5,,1.588270437699967,0.0238944540160489
car,catboost,1,pool_only,geometric,1.0,,1.588270437699967,0.0238944540160489
car,catboost,1,repair_only,hard,0.5,,1.5988843636478494,5.01612552222027e-13
car,catboost,1,full,hard,0.5,,1.5988843636478494,5.01612552222027e-13
car,catboost,2,raw_only,j1,0.5,,1.5889965690309105,0.0224568194776223
car,catboost,2,pool_only,geometric,1.0,,1.5889965690309105,0.0224568194776223
car,catboost,2,repair_only,soft,1.0,10.0,1.5577027301650113,0.0031208111317036
car,catboost,2,full,soft,1.0,10.0,1.5577027301650113,0.0031208111317036
car,catboost,3,raw_only,j2,0.5,,1.7376805320460422,0.0484874444292393
car,catboost,3,pool_only,geometric,0.0,,1.7376805320460422,0.0484874444292394
car,catboost,3,repair_only,hard,1.0,,1.703064287213722,9.045332672707585e-13
car,catboost,3,full,hard,1.0,,1.703064287213722,9.045332672707585e-13
car,catboost,4,raw_only,j1,0.5,,1.6772655721007663,0.0140963850932021
car,catboost,4,pool_only,geometric,1.0,,1.6772655721007663,0.0140963850932021
car,catboost,4,repair_only,soft,1.0,0.1,1.6744357580154867,0.0132616683777559
car,catboost,4,full,soft,1.0,0.1,1.6744357580154867,0.0132616683777559
car,catboost,5,raw_only,j1,0.5,,1.4897780252672073,0.0179048006815519
car,catboost,5,pool_only,geometric,0.75,,1.4946085344313746,0.0223879565467463
car,catboost,5,repair_only,soft,1.0,1.0,1.488487524377324,0.0115448397866241
car,catboost,5,full,soft,1.0,1.0,1.488487524377324,0.0115448397866241
nursery,tabiclv2,1,raw_only,j1,0.5,,1.4218274045517596,0.0353693226732658
nursery,tabiclv2,1,pool_only,geometric,1.0,,1.42182740455176,0.0353693226732658
nursery,tabiclv2,1,repair_only,soft,1.0,0.3,1.4177586430434568,0.0330957831610015
nursery,tabiclv2,1,full,soft,1.0,0.3,1.4177586430434568,0.0330957831610015
nursery,tabiclv2,2,raw_only,j1,0.5,,1.289570612105124,0.0367129971392071
nursery,tabiclv2,2,pool_only,geometric,1.0,,1.2895706121051238,0.0367129971392071
nursery,tabiclv2,2,repair_only,soft,1.0,3.0,1.3124827255669196,0.0273632004367221
nursery,tabiclv2,2,full,soft,1.0,3.0,1.3124827255669196,0.0273632004367221
nursery,tabiclv2,3,raw_only,j1,0.5,,1.5493262625434745,0.049647078769596
nursery,tabiclv2,3,pool_only,geometric,1.0,,1.5493262625434745,0.049647078769596
nursery,tabiclv2,3,repair_only,soft,1.0,0.03,1.5465116290150676,0.0493874367237399
nursery,tabiclv2,3,full,j1,0.5,,1.5493262625434745,0.049647078769596
nursery,tabiclv2,4,raw_only,j1,0.5,,1.3228667203965958,0.041545284418588
nursery,tabiclv2,4,pool_only,geometric,0.5,,1.2975675087969694,0.0453882154653229
nursery,tabiclv2,4,repair_only,soft,1.0,10.0,1.3127604730014406,0.0264219859691963
nursery,tabiclv2,4,full,soft,1.0,10.0,1.3127604730014406,0.0264219859691963
nursery,tabiclv2,5,raw_only,j1,0.5,,1.3348217534606377,0.0353938144574531
nursery,tabiclv2,5,pool_only,geometric,1.0,,1.3348217534606377,0.0353938144574531
nursery,tabiclv2,5,repair_only,soft,1.0,0.03,1.3347431886865284,0.0351883132416453
nursery,tabiclv2,5,full,j1,0.5,,1.3348217534606377,0.0353938144574531
nursery,tabpfn3,1,raw_only,j1,0.5,,1.4026717376630673,0.0329592400015923
nursery,tabpfn3,1,pool_only,geometric,1.0,,1.4026717376630673,0.0329592400015923
nursery,tabpfn3,1,repair_only,soft,1.0,0.03,1.403118338304675,0.0327010476985198
nursery,tabpfn3,1,full,j1,0.5,,1.4026717376630673,0.0329592400015923
nursery,tabpfn3,2,raw_only,j1,0.5,,1.3245263416928088,0.0303705474341145
nursery,tabpfn3,2,pool_only,geometric,1.0,,1.3245263416928088,0.0303705474341145
nursery,tabpfn3,2,repair_only,soft,1.0,0.3,1.3351931211009416,0.0280610089023951
nursery,tabpfn3,2,full,soft,1.0,0.3,1.3351931211009416,0.0280610089023951
nursery,tabpfn3,3,raw_only,j1,0.5,,1.3596981198931042,0.0402546338659345
nursery,tabpfn3,3,pool_only,geometric,1.0,,1.3596981198931042,0.0402546338659345
nursery,tabpfn3,3,repair_only,soft,1.0,0.03,1.360727008876033,0.0400619198079954
nursery,tabpfn3,3,full,j1,0.5,,1.3596981198931042,0.0402546338659345
nursery,tabpfn3,4,raw_only,j1,0.5,,1.271742838021682,0.0300652455654817
nursery,tabpfn3,4,pool_only,geometric,1.0,,1.271742838021682,0.0300652455654817
nursery,tabpfn3,4,repair_only,soft,1.0,0.03,1.2713734330981856,0.0298315906784358
nursery,tabpfn3,4,full,j1,0.5,,1.271742838021682,0.0300652455654817
nursery,tabpfn3,5,raw_only,j1,0.5,,1.353399143083391,0.0368296181655261
nursery,tabpfn3,5,pool_only,geometric,1.0,,1.353399143083391,0.0368296181655261
nursery,tabpfn3,5,repair_only,soft,1.0,0.03,1.353559943391503,0.0365758001017741
nursery,tabpfn3,5,full,j1,0.5,,1.353399143083391,0.0368296181655261
nursery,catboost,1,raw_only,j2,0.5,,1.659021502747338,0.0350936616548419
nursery,catboost,1,pool_only,geometric,0.25,,1.6514690750569798,0.0345701303354541
nursery,catboost,1,repair_only,soft,1.0,3.0,1.6520050312078072,0.0241605249404501
nursery,catboost,1,full,soft,1.0,3.0,1.6520050312078072,0.0241605249404501
nursery,catboost,2,raw_only,j1,0.5,,1.5210735409616634,0.0310746426957664
nursery,catboost,2,pool_only,geometric,0.75,,1.5232381573486524,0.0321944951745705
nursery,catboost,2,repair_only,soft,1.0,1.0,1.5305499532048046,0.0259302379847497
nursery,catboost,2,full,soft,1.0,1.0,1.5305499532048046,0.0259302379847497
nursery,catboost,3,raw_only,j2,0.5,,1.7081680559957817,0.0364437548218009
nursery,catboost,3,pool_only,geometric,0.0,,1.7081680559957817,0.0364437548218009
nursery,catboost,3,repair_only,soft,0.0,0.03,1.7075089968414892,0.0362772848981899
nursery,catboost,3,full,soft,0.0,0.03,1.7075089968414892,0.0362772848981899
nursery,catboost,4,raw_only,j1,0.5,,1.5104105290862784,0.035242412066634
nursery,catboost,4,pool_only,geometric,0.75,,1.508063618671006,0.0346240920542901
nursery,catboost,4,repair_only,soft,0.75,1.0,1.5157416103599977,0.0261191634538641
nursery,catboost,4,full,soft,0.75,1.0,1.5157416103599977,0.0261191634538641
nursery,catboost,5,raw_only,j2,0.5,,1.5556861498234098,0.0259534808818257
nursery,catboost,5,pool_only,geometric,0.25,,1.5505098422640873,0.0270437004228544
nursery,catboost,5,repair_only,soft,0.5,3.0,1.555613321898138,0.0202357388268285
nursery,catboost,5,full,soft,0.5,3.0,1.555613321898138,0.0202357388268285
wine,tabiclv2,1,raw_only,j2,0.5,,1.0665908714579242,0.0017420365916409
wine,tabiclv2,1,pool_only,geometric,0.0,,1.0665908714579242,0.001742036591641
wine,tabiclv2,1,repair_only,soft,0.0,1.0,1.0624800594317372,0.0012225456392141
wine,tabiclv2,1,full,soft,0.0,1.0,1.0624800594317372,0.0012225456392141
wine,tabiclv2,2,raw_only,j1,0.5,,1.092951563112582,0.02753110815955
wine,tabiclv2,2,pool_only,geometric,0.75,,1.083252827958193,0.0211703027085568
wine,tabiclv2,2,repair_only,soft,0.75,0.03,1.0825683017275427,0.0205908907047107
wine,tabiclv2,2,full,geometric,0.75,,1.083252827958193,0.0211703027085568
wine,tabiclv2,3,raw_only,j1,0.5,,1.1977140891288995,0.0293523817257383
wine,tabiclv2,3,pool_only,geometric,1.0,,1.1977140891288995,0.0293523817257383
wine,tabiclv2,3,repair_only,soft,1.0,0.03,1.1974851931016612,0.0284196325605083
wine,tabiclv2,3,full,j1,0.5,,1.1977140891288995,0.0293523817257383
wine,tabiclv2,4,raw_only,j1,0.5,,1.0468793053473742,0.0306937014671043
wine,tabiclv2,4,pool_only,geometric,0.5,,1.0523546889718327,0.0163243879110193
wine,tabiclv2,4,repair_only,soft,0.5,0.3,1.0551018357626232,0.0128283813266576
wine,tabiclv2,4,full,soft,0.5,0.3,1.0551018357626232,0.0128283813266576
wine,tabiclv2,5,raw_only,j1,0.5,,1.1238023246400468,0.0220262992382472
wine,tabiclv2,5,pool_only,geometric,1.0,,1.1238023246400468,0.0220262992382472
wine,tabiclv2,5,repair_only,soft,1.0,0.03,1.1241712612757202,0.0214056075941969
wine,tabiclv2,5,full,j1,0.5,,1.1238023246400468,0.0220262992382472
wine,tabpfn3,1,raw_only,j2,0.5,,1.0586758176551314,0.0013575485586885
wine,tabpfn3,1,pool_only,arithmetic,0.5,,1.0463333434738835,0.0099641263977084
wine,tabpfn3,1,repair_only,soft,0.75,1.0,1.046442568454384,0.0077544298329529
wine,tabpfn3,1,full,arithmetic,0.5,,1.0463333434738835,0.0099641263977084
wine,tabpfn3,2,raw_only,j2,0.5,,1.057551905044976,0.0016191702734762
wine,tabpfn3,2,pool_only,geometric,0.25,,1.058906262729676,0.0059166045389953
wine,tabpfn3,2,repair_only,soft,0.25,0.1,1.0587727895859105,0.0054549120776671
wine,tabpfn3,2,full,soft,0.25,0.1,1.0587727895859105,0.0054549120776671
wine,tabpfn3,3,raw_only,j2,0.5,,1.212735717031966,0.0007111356543024
wine,tabpfn3,3,pool_only,geometric,0.25,,1.2026584277658947,0.0048915170556803
wine,tabpfn3,3,repair_only,soft,0.25,0.3,1.2025207444801076,0.0038697468245344
wine,tabpfn3,3,full,soft,0.25,0.3,1.2025207444801076,0.0038697468245344
wine,tabpfn3,4,raw_only,j2,0.5,,1.0427525095009709,0.0008685685607636
wine,tabpfn3,4,pool_only,geometric,0.5,,1.034903020908141,0.0088798474563161
wine,tabpfn3,4,repair_only,soft,0.5,0.03,1.0350791351100064,0.0086376054892965
wine,tabpfn3,4,full,geometric,0.5,,1.034903020908141,0.0088798474563161
wine,tabpfn3,5,raw_only,j1,0.5,,1.1288129779995362,0.0162702571297163
wine,tabpfn3,5,pool_only,geometric,1.0,,1.1288129779995362,0.0162702571297163
wine,tabpfn3,5,repair_only,soft,1.0,0.03,1.1288960163507853,0.0157352166236306
wine,tabpfn3,5,full,j1,0.5,,1.1288129779995362,0.0162702571297163
wine,catboost,1,raw_only,j1,0.5,,1.241099498165059,0.0318066041212255
wine,catboost,1,pool_only,geometric,1.0,,1.2410994981650592,0.0318066041212255
wine,catboost,1,repair_only,soft,1.0,0.1,1.24024293927802,0.0291375540872175
wine,catboost,1,full,soft,1.0,0.1,1.24024293927802,0.0291375540872175
wine,catboost,2,raw_only,j1,0.5,,1.2431520755051106,0.0307773384040586
wine,catboost,2,pool_only,geometric,1.0,,1.2431520755051106,0.0307773384040586
wine,catboost,2,repair_only,soft,1.0,0.03,1.242984136068571,0.0299581456882073
wine,catboost,2,full,j1,0.5,,1.2431520755051106,0.0307773384040586
wine,catboost,3,raw_only,j1,0.5,,1.370627749329604,0.0287228960996174
wine,catboost,3,pool_only,geometric,1.0,,1.370627749329604,0.0287228960996174
wine,catboost,3,repair_only,soft,1.0,0.03,1.370435093827845,0.0279537008671319
wine,catboost,3,full,j1,0.5,,1.370627749329604,0.0287228960996174
wine,catboost,4,raw_only,j1,0.5,,1.2150043323358868,0.0280635140620834
wine,catboost,4,pool_only,geometric,1.0,,1.2150043323358868,0.0280635140620834
wine,catboost,4,repair_only,soft,1.0,0.03,1.2148879999321454,0.0273111296955851
wine,catboost,4,full,j1,0.5,,1.2150043323358868,0.0280635140620834
wine,catboost,5,raw_only,j1,0.5,,1.2740897147460415,0.0263971109864178
wine,catboost,5,pool_only,geometric,0.75,,1.274095430884361,0.02194484081209
wine,catboost,5,repair_only,soft,1.0,3.0,1.2737433687286766,0.0071294810485566
wine,catboost,5,full,soft,1.0,3.0,1.2737433687286766,0.0071294810485566
credit,tabiclv2,1,raw_only,j1,0.5,,1.7768870663832326,0.0138357184303172
credit,tabiclv2,1,pool_only,geometric,1.0,,1.7768870663832326,0.0138357184303173
credit,tabiclv2,1,repair_only,soft,1.0,0.03,1.7764392324267195,0.0135071898827614
credit,tabiclv2,1,full,j1,0.5,,1.7768870663832326,0.0138357184303172
credit,tabiclv2,2,raw_only,j2,0.5,,1.812285698544188,0.025790243222021
credit,tabiclv2,2,pool_only,geometric,0.5,,1.7968977610783017,0.0225678075949561
credit,tabiclv2,2,repair_only,soft,0.5,3.0,1.8116385317561563,0.0062632904570107
credit,tabiclv2,2,full,soft,0.5,3.0,1.8116385317561563,0.0062632904570107
credit,tabiclv2,3,raw_only,j1,0.5,,1.6965897459035626,0.024622975487355
credit,tabiclv2,3,pool_only,geometric,1.0,,1.6965897459035624,0.024622975487355
credit,tabiclv2,3,repair_only,soft,1.0,0.3,1.6980606063143735,0.0200149809224303
credit,tabiclv2,3,full,soft,1.0,0.3,1.6980606063143735,0.0200149809224303
credit,tabiclv2,4,raw_only,j2,0.5,,1.6538361517605935,0.0280748150236213
credit,tabiclv2,4,pool_only,geometric,0.0,,1.6538361517605935,0.0280748150236213
credit,tabiclv2,4,repair_only,soft,0.0,0.03,1.6540368729328494,0.0274236053794067
credit,tabiclv2,4,full,j2,0.5,,1.6538361517605935,0.0280748150236213
credit,tabiclv2,5,raw_only,j1,0.5,,1.7475952418843663,0.0154149977742401
credit,tabiclv2,5,pool_only,geometric,0.5,,1.7400593731292786,0.0183795532416152
credit,tabiclv2,5,repair_only,hard,1.0,,1.7431643066870317,1.0210408907251889e-13
credit,tabiclv2,5,full,hard,1.0,,1.7431643066870317,1.0210408907251889e-13
credit,tabpfn3,1,raw_only,j1,0.5,,1.748526777772016,0.011015852424234
credit,tabpfn3,1,pool_only,geometric,1.0,,1.748526777772016,0.011015852424234
credit,tabpfn3,1,repair_only,soft,1.0,0.03,1.7485349872417697,0.0107525991193565
credit,tabpfn3,1,full,j1,0.5,,1.748526777772016,0.011015852424234
credit,tabpfn3,2,raw_only,j1,0.5,,1.7638886961967375,0.0127915115811488
credit,tabpfn3,2,pool_only,geometric,0.5,,1.7583541519986272,0.0158639446960878
credit,tabpfn3,2,repair_only,soft,0.5,0.03,1.758640431513315,0.0154738275709812
credit,tabpfn3,2,full,geometric,0.5,,1.7583541519986272,0.0158639446960878
credit,tabpfn3,3,raw_only,j1,0.5,,1.6500612589806392,0.0144949786791916
credit,tabpfn3,3,pool_only,geometric,0.75,,1.645001164597765,0.0162233945300942
credit,tabpfn3,3,repair_only,soft,0.75,0.03,1.6450358325900225,0.0158455413312279
credit,tabpfn3,3,full,geometric,0.75,,1.645001164597765,0.0162233945300942
credit,tabpfn3,4,raw_only,j2,0.5,,1.7027049456453742,0.0277131245520829
credit,tabpfn3,4,pool_only,geometric,0.0,,1.7027049456453742,0.0277131245520829
credit,tabpfn3,4,repair_only,soft,0.0,0.03,1.7030093167942315,0.0271655805382795
credit,tabpfn3,4,full,j2,0.5,,1.7027049456453742,0.0277131245520829
credit,tabpfn3,5,raw_only,j2,0.5,,1.7386563203250558,0.0115102512179194
credit,tabpfn3,5,pool_only,geometric,0.0,,1.7386563203250558,0.0115102512179194
credit,tabpfn3,5,repair_only,soft,0.0,0.03,1.7386890109177704,0.0112455652228872
credit,tabpfn3,5,full,j2,0.5,,1.7386563203250558,0.0115102512179194
credit,catboost,1,raw_only,j2,0.5,,1.725384152406083,0.0240297433860799
credit,catboost,1,pool_only,geometric,0.0,,1.725384152406083,0.0240297433860799
credit,catboost,1,repair_only,soft,0.0,0.03,1.7255084839323227,0.02337835220721
credit,catboost,1,full,j2,0.5,,1.725384152406083,0.0240297433860799
credit,catboost,2,raw_only,j2,0.5,,1.7799260034612745,0.0230167060384688
credit,catboost,2,pool_only,geometric,0.25,,1.7785580804101062,0.0216477357131142
credit,catboost,2,repair_only,hard,1.0,,1.769729805712403,3.664498988541903e-14
credit,catboost,2,full,hard,1.0,,1.769729805712403,3.664498988541903e-14
credit,catboost,3,raw_only,j1,0.5,,1.6751646980897403,0.0231390271325532
credit,catboost,3,pool_only,geometric,1.0,,1.6751646980897403,0.0231390271325532
credit,catboost,3,repair_only,soft,1.0,0.03,1.6742642500475533,0.0226079363747134
credit,catboost,3,full,j1,0.5,,1.6751646980897403,0.0231390271325532
credit,catboost,4,raw_only,j1,0.5,,1.7695031949900293,0.014186740716096
credit,catboost,4,pool_only,geometric,0.5,,1.764824960592031,0.0196820991994289
credit,catboost,4,repair_only,soft,0.5,0.03,1.7648937645589828,0.0191499737236224
credit,catboost,4,full,geometric,0.5,,1.764824960592031,0.0196820991994289
credit,catboost,5,raw_only,j1,0.5,,1.7810781796360826,0.0192970221586549
credit,catboost,5,pool_only,geometric,0.75,,1.7731378447632613,0.019784466167197
credit,catboost,5,repair_only,soft,1.0,3.0,1.7649907391083344,0.0055024914433608
credit,catboost,5,full,soft,1.0,3.0,1.7649907391083344,0.0055024914433608
mic,tabiclv2,1,raw_only,j2,0.5,,1.0002306068167617,0.0090460950426215
mic,tabiclv2,1,pool_only,geometric,0.0,,1.000230606816762,0.0090460950426215
mic,tabiclv2,1,repair_only,soft,0.0,3.0,1.00116853901778,0.002275078774261
mic,tabiclv2,1,full,soft,0.0,3.0,1.00116853901778,0.002275078774261
mic,tabiclv2,2,raw_only,j2,0.5,,0.9353348581987824,0.0119447466126637
mic,tabiclv2,2,pool_only,geometric,0.0,,0.9353348581987824,0.0119447466126637
mic,tabiclv2,2,repair_only,soft,0.0,0.03,0.9355766350182528,0.0115880653718494
mic,tabiclv2,2,full,j2,0.5,,0.9353348581987824,0.0119447466126637
mic,tabiclv2,3,raw_only,j2,0.5,,0.9986209717190244,0.0148534231772318
mic,tabiclv2,3,pool_only,geometric,0.25,,1.0021079905700767,0.0147501013962694
mic,tabiclv2,3,repair_only,hard,1.0,,1.0164655098578192,2.0350292358419813e-13
mic,tabiclv2,3,full,hard,1.0,,1.0164655098578192,2.0350292358419813e-13
mic,tabiclv2,4,raw_only,j2,0.5,,1.1093390891651955,0.0115016419687138
mic,tabiclv2,4,pool_only,geometric,0.0,,1.109339089165196,0.0115016419687138
mic,tabiclv2,4,repair_only,soft,0.0,0.1,1.1103359149884635,0.0104529227589768
mic,tabiclv2,4,full,soft,0.0,0.1,1.1103359149884635,0.0104529227589768
mic,tabiclv2,5,raw_only,j2,0.5,,0.9395473444313044,0.0098631028569114
mic,tabiclv2,5,pool_only,geometric,0.0,,0.9395473444313044,0.0098631028569114
mic,tabiclv2,5,repair_only,soft,0.0,0.03,0.9394359478883298,0.0095863937148394
mic,tabiclv2,5,full,j2,0.5,,0.9395473444313044,0.0098631028569114
mic,tabpfn3,1,raw_only,j2,0.5,,0.9908297428512728,0.004761522489037
mic,tabpfn3,1,pool_only,geometric,0.0,,0.9908297428512728,0.004761522489037
mic,tabpfn3,1,repair_only,hard,1.0,,0.9904818612819954,9.526977139152689e-14
mic,tabpfn3,1,full,hard,1.0,,0.9904818612819954,9.526977139152689e-14
mic,tabpfn3,2,raw_only,j1,0.5,,0.9091780065706812,0.0038718339049522
mic,tabpfn3,2,pool_only,geometric,1.0,,0.9091780065706812,0.0038718339049522
mic,tabpfn3,2,repair_only,soft,1.0,0.03,0.9091631197700308,0.0037629133901163
mic,tabpfn3,2,full,j1,0.5,,0.9091780065706812,0.0038718339049522
mic,tabpfn3,3,raw_only,j2,0.5,,0.9635452694713348,0.0068639228512212
mic,tabpfn3,3,pool_only,geometric,0.0,,0.9635452694713348,0.0068639228512212
mic,tabpfn3,3,repair_only,soft,0.0,0.03,0.96334157146531,0.0066712007863366
mic,tabpfn3,3,full,geometric,0.0,,0.9635452694713348,0.0068639228512212
mic,tabpfn3,4,raw_only,j1,0.5,,1.1324434596328523,0.004013847215515
mic,tabpfn3,4,pool_only,geometric,1.0,,1.1324434596328523,0.004013847215515
mic,tabpfn3,4,repair_only,soft,1.0,0.03,1.1324567012786122,0.00390178876298
mic,tabpfn3,4,full,j1,0.5,,1.1324434596328523,0.004013847215515
mic,tabpfn3,5,raw_only,j1,0.5,,0.9224516443313392,0.0048423279492063
mic,tabpfn3,5,pool_only,geometric,0.75,,0.9262217319343826,0.0049525950800933
mic,tabpfn3,5,repair_only,soft,1.0,1.0,0.9271549126648212,0.0024536351322671
mic,tabpfn3,5,full,soft,1.0,1.0,0.9271549126648212,0.0024536351322671
mic,catboost,1,raw_only,j1,0.5,,1.0230435181188164,0.0120438094537384
mic,catboost,1,pool_only,geometric,1.0,,1.0230435181188164,0.0120438094537384
mic,catboost,1,repair_only,soft,1.0,0.03,1.0228473066019717,0.0117333881760917
mic,catboost,1,full,j1,0.5,,1.0230435181188164,0.0120438094537384
mic,catboost,2,raw_only,j1,0.5,,0.959444872799605,0.0125742570225964
mic,catboost,2,pool_only,geometric,1.0,,0.959444872799605,0.0125742570225964
mic,catboost,2,repair_only,soft,1.0,0.03,0.9590099634375662,0.0122017546055496
mic,catboost,2,full,j1,0.5,,0.959444872799605,0.0125742570225964
mic,catboost,3,raw_only,j2,0.5,,0.9493162850198654,0.0105262206208553
mic,catboost,3,pool_only,geometric,0.0,,0.9493162850198656,0.0105262206208553
mic,catboost,3,repair_only,soft,0.0,0.03,0.9494595757688284,0.0102217933535835
mic,catboost,3,full,j2,0.5,,0.9493162850198654,0.0105262206208553
mic,catboost,4,raw_only,j1,0.5,,1.1584880709350087,0.0135317842625004
mic,catboost,4,pool_only,geometric,1.0,,1.1584880709350087,0.0135317842625004
mic,catboost,4,repair_only,soft,1.0,0.03,1.1581865268562148,0.0131142949182524
mic,catboost,4,full,j1,0.5,,1.1584880709350087,0.0135317842625004
mic,catboost,5,raw_only,j1,0.5,,0.9826021567957904,0.0153670054336334
mic,catboost,5,pool_only,geometric,1.0,,0.9826021567957904,0.0153670054336334
mic,catboost,5,repair_only,soft,1.0,0.03,0.982322965471679,0.0149135543660481
mic,catboost,5,full,j1,0.5,,0.9826021567957904,0.0153670054336334
customer,tabiclv2,1,raw_only,j1,0.5,,1.4130115651969022,0.0070407290891029
customer,tabiclv2,1,pool_only,geometric,1.0,,1.4130115651969022,0.0070407290891029
customer,tabiclv2,1,repair_only,hard,0.0,,1.420698278966582,5.055948132490391e-15
customer,tabiclv2,1,full,hard,0.0,,1.420698278966582,5.055948132490391e-15
customer,tabiclv2,2,raw_only,j1,0.5,,1.4659377161054894,0.0084486464265221
customer,tabiclv2,2,pool_only,geometric,1.0,,1.4659377161054894,0.0084486464265221
customer,tabiclv2,2,repair_only,soft,1.0,0.03,1.4660022349683586,0.0082367586788243
customer,tabiclv2,2,full,geometric,1.0,,1.4659377161054894,0.0084486464265221
customer,tabiclv2,3,raw_only,j1,0.5,,1.3553341433012165,0.0109352410792504
customer,tabiclv2,3,pool_only,geometric,1.0,,1.3553341433012165,0.0109352410792504
customer,tabiclv2,3,repair_only,hard,0.0,,1.3612247501179215,1.477392257739473e-13
customer,tabiclv2,3,full,hard,0.0,,1.3612247501179215,1.477392257739473e-13
customer,tabiclv2,4,raw_only,j2,0.5,,1.5216972945308331,0.0252501054905978
customer,tabiclv2,4,pool_only,geometric,0.25,,1.51929004450811,0.0212007222222051
customer,tabiclv2,4,repair_only,soft,0.25,0.3,1.5161425194470928,0.016411341062336
customer,tabiclv2,4,full,soft,0.25,0.3,1.5161425194470928,0.016411341062336
customer,tabiclv2,5,raw_only,j2,0.5,,1.4083707422773115,0.028071893245075
customer,tabiclv2,5,pool_only,geometric,0.0,,1.4083707422773115,0.028071893245075
customer,tabiclv2,5,repair_only,soft,0.0,1.0,1.4122783779687595,0.0140793649000752
customer,tabiclv2,5,full,soft,0.0,1.0,1.4122783779687595,0.0140793649000752
customer,tabpfn3,1,raw_only,j2,0.5,,1.4028016836593524,0.0035416657284037
customer,tabpfn3,1,pool_only,geometric,0.0,,1.4028016836593524,0.0035416657284037
customer,tabpfn3,1,repair_only,hard,0.0,,1.4048459605573775,3.787630008150245e-14
customer,tabpfn3,1,full,hard,0.0,,1.4048459605573775,3.787630008150245e-14
customer,tabpfn3,2,raw_only,j1,0.5,,1.4531429323909673,0.0017360100734101
customer,tabpfn3,2,pool_only,geometric,1.0,,1.4531429323909673,0.0017360100734101
customer,tabpfn3,2,repair_only,soft,1.0,0.03,1.4531214075564027,0.0016875834846129
customer,tabpfn3,2,full,j1,0.5,,1.4531429323909673,0.0017360100734101
customer,tabpfn3,3,raw_only,j1,0.5,,1.3287497759349485,0.001903424064546
customer,tabpfn3,3,pool_only,geometric,1.0,,1.3287497759349485,0.001903424064546
customer,tabpfn3,3,repair_only,soft,1.0,0.03,1.328782819294819,0.0018490501337765
customer,tabpfn3,3,full,j1,0.5,,1.3287497759349485,0.001903424064546
customer,tabpfn3,4,raw_only,j1,0.5,,1.501546394052336,0.0028142723556428
customer,tabpfn3,4,pool_only,geometric,0.75,,1.5007811289085031,0.003532197411893
customer,tabpfn3,4,repair_only,hard,1.0,,1.499928260297234,8.148419793250973e-13
customer,tabpfn3,4,full,hard,1.0,,1.499928260297234,8.148419793250973e-13
customer,tabpfn3,5,raw_only,j1,0.5,,1.4197448430295416,0.0021958421864684
customer,tabpfn3,5,pool_only,geometric,1.0,,1.4197448430295414,0.0021958421864685
customer,tabpfn3,5,repair_only,hard,1.0,,1.4191159181386357,1.228344733735084e-14
customer,tabpfn3,5,full,hard,1.0,,1.4191159181386357,1.228344733735084e-14
customer,catboost,1,raw_only,j2,0.5,,1.4466603777767182,0.0197382499721184
customer,catboost,1,pool_only,geometric,0.0,,1.4466603777767184,0.0197382499721184
customer,catboost,1,repair_only,soft,0.0,0.03,1.4465346227524345,0.0191591277400245
customer,catboost,1,full,j2,0.5,,1.4466603777767182,0.0197382499721184
customer,catboost,2,raw_only,j1,0.5,,1.4722417189558497,0.008302360625184
customer,catboost,2,pool_only,geometric,0.75,,1.4704043584090094,0.0116463850535284
customer,catboost,2,repair_only,soft,0.75,0.03,1.4703577964501533,0.011308615375741
customer,catboost,2,full,geometric,0.75,,1.4704043584090094,0.0116463850535284
customer,catboost,3,raw_only,j1,0.5,,1.3527297360407693,0.0072021708326589
customer,catboost,3,pool_only,geometric,1.0,,1.352729736040769,0.0072021708326589
customer,catboost,3,repair_only,soft,1.0,0.03,1.352599943992165,0.0070039306454901
customer,catboost,3,full,j1,0.5,,1.3527297360407693,0.0072021708326589
customer,catboost,4,raw_only,j2,0.5,,1.4918977765197603,0.0173888506297504
customer,catboost,4,pool_only,geometric,0.25,,1.4922513387330176,0.0149864398883973
customer,catboost,4,repair_only,soft,0.0,10.0,1.50160979692446,0.0015866604189557
customer,catboost,4,full,soft,0.0,10.0,1.50160979692446,0.0015866604189557
customer,catboost,5,raw_only,j1,0.5,,1.4483781968699652,0.009615637780913
customer,catboost,5,pool_only,geometric,1.0,,1.4483781968699652,0.009615637780913
customer,catboost,5,repair_only,hard,0.0,,1.451996608441942,1.0891697530587396e-12
customer,catboost,5,full,hard,0.0,,1.451996608441942,1.0891697530587396e-12
marketing,tabiclv2,1,raw_only,j1,0.5,,1.7512232420075762,0.017008090035363674
marketing,tabiclv2,1,pool_only,geometric,1.0,,1.7512232420075762,0.017008090035363695
marketing,tabiclv2,1,repair_only,soft,1.0,0.03,1.7520317761844773,0.016606840592606503
marketing,tabiclv2,1,full,j1,0.5,,1.7512232420075762,0.017008090035363674
marketing,tabiclv2,2,raw_only,j1,0.5,,1.9033712139306858,0.008858859432221589
marketing,tabiclv2,2,pool_only,geometric,1.0,,1.9033712139306858,0.008858859432221599
marketing,tabiclv2,2,repair_only,soft,1.0,3.0,1.9051651205199274,0.002390213171132514
marketing,tabiclv2,2,full,soft,1.0,3.0,1.9051651205199274,0.002390213171132514
marketing,tabiclv2,3,raw_only,j1,0.5,,1.7437516000583666,0.01578384810660522
marketing,tabiclv2,3,pool_only,geometric,1.0,,1.7437516000583666,0.01578384810660523
marketing,tabiclv2,3,repair_only,hard,0.0,,1.7282050156391797,9.943337491982653e-14
marketing,tabiclv2,3,full,hard,0.0,,1.7282050156391797,9.943337491982653e-14
marketing,tabiclv2,4,raw_only,j1,0.5,,1.6278872056329554,0.014137015807893389
marketing,tabiclv2,4,pool_only,geometric,0.5,,1.6184135887145192,0.01678329120783096
marketing,tabiclv2,4,repair_only,hard,1.0,,1.6169199876848674,2.4414874399000577e-13
marketing,tabiclv2,4,full,hard,1.0,,1.6169199876848674,2.4414874399000577e-13
marketing,tabiclv2,5,raw_only,j1,0.5,,1.7941543758895637,0.009706949310884621
marketing,tabiclv2,5,pool_only,geometric,0.75,,1.7871563576498568,0.01410956208125071
marketing,tabiclv2,5,repair_only,hard,1.0,,1.78735409631168,1.8696418992527643e-13
marketing,tabiclv2,5,full,hard,1.0,,1.78735409631168,1.8696418992527643e-13
marketing,tabpfn3,1,raw_only,j1,0.5,,1.7710580219621745,0.008743968561991722
marketing,tabpfn3,1,pool_only,geometric,1.0,,1.7710580219621745,0.008743968561991734
marketing,tabpfn3,1,repair_only,soft,1.0,0.03,1.771008388683213,0.008507461904613805
marketing,tabpfn3,1,full,j1,0.5,,1.7710580219621745,0.008743968561991722
marketing,tabpfn3,2,raw_only,j1,0.5,,1.8173633613513391,0.008825843285333323
marketing,tabpfn3,2,pool_only,geometric,0.75,,1.8193146697859046,0.007521767928111554
marketing,tabpfn3,2,repair_only,soft,1.0,3.0,1.8240857034447024,0.002320643933977522
marketing,tabpfn3,2,full,soft,1.0,3.0,1.8240857034447024,0.002320643933977522
marketing,tabpfn3,3,raw_only,j2,0.5,,1.7061915073511924,0.004263480993489943
marketing,tabpfn3,3,pool_only,geometric,0.0,,1.7061915073511924,0.004263480993489954
marketing,tabpfn3,3,repair_only,hard,0.0,,1.691087349155191,5.469844536290836e-14
marketing,tabpfn3,3,full,hard,0.0,,1.691087349155191,5.469844536290836e-14
marketing,tabpfn3,4,raw_only,j1,0.5,,1.5855930709152406,0.003728216757433892
marketing,tabpfn3,4,pool_only,geometric,1.0,,1.5855930709152406,0.003728216757433911
marketing,tabpfn3,4,repair_only,soft,1.0,0.03,1.585511589962804,0.0036259125679543314
marketing,tabpfn3,4,full,j1,0.5,,1.5855930709152406,0.003728216757433892
marketing,tabpfn3,5,raw_only,j2,0.5,,1.7350775343791702,0.008427861876214273
marketing,tabpfn3,5,pool_only,geometric,0.0,,1.7350775343791702,0.008427861876214278
marketing,tabpfn3,5,repair_only,soft,0.0,0.03,1.7350463025638592,0.008199346724017415
marketing,tabpfn3,5,full,j2,0.5,,1.7350775343791702,0.008427861876214273
marketing,catboost,1,raw_only,j1,0.5,,1.8444115978402384,0.008233688272611204
marketing,catboost,1,pool_only,geometric,0.5,,1.82786903234604,0.01906068259996545
marketing,catboost,1,repair_only,hard,1.0,,1.8379381888085495,4.7397659798734115e-15
marketing,catboost,1,full,hard,1.0,,1.8379381888085495,4.7397659798734115e-15
marketing,catboost,2,raw_only,j2,0.5,,1.8788151705315594,0.024044774635506104
marketing,catboost,2,pool_only,geometric,0.0,,1.8788151705315592,0.024044774635506104
marketing,catboost,2,repair_only,soft,0.0,0.03,1.8784766488754356,0.023351174407097816
marketing,catboost,2,full,j2,0.5,,1.8788151705315594,0.024044774635506104
marketing,catboost,3,raw_only,j2,0.5,,1.734598365401375,0.023740219021124803
marketing,catboost,3,pool_only,geometric,0.0,,1.734598365401375,0.023740219021124803
marketing,catboost,3,repair_only,hard,0.0,,1.74521486270358,6.549966867714155e-15
marketing,catboost,3,full,hard,0.0,,1.74521486270358,6.549966867714155e-15
marketing,catboost,4,raw_only,j2,0.5,,1.7097606138415387,0.023310823399253777
marketing,catboost,4,pool_only,geometric,0.0,,1.7097606138415387,0.023310823399253777
marketing,catboost,4,repair_only,hard,0.0,,1.7225971747575621,9.119702538171008e-14
marketing,catboost,4,full,hard,0.0,,1.7225971747575621,9.119702538171008e-14
marketing,catboost,5,raw_only,j1,0.5,,1.8394642150485225,0.00689484774585019
marketing,catboost,5,pool_only,geometric,0.75,,1.842209524980336,0.010653848187634544
marketing,catboost,5,repair_only,hard,1.0,,1.8383907505464419,4.127166544718591e-13
marketing,catboost,5,full,hard,1.0,,1.8383907505464419,4.127166544718591e-13
phishing,tabiclv2,1,raw_only,j1,0.5,,0.7186623403807038,0.028335903970892105
phishing,tabiclv2,1,pool_only,geometric,0.5,,0.7248906727479366,0.029590973791282713
phishing,tabiclv2,1,repair_only,soft,0.5,0.03,0.7255682429896478,0.029060770766597348
phishing,tabiclv2,1,full,geometric,0.5,,0.7248906727479366,0.029590973791282713
phishing,tabiclv2,2,raw_only,j1,0.5,,0.7877442525101914,0.02352994353646488
phishing,tabiclv2,2,pool_only,geometric,0.75,,0.7856156703290771,0.02581029425595289
phishing,tabiclv2,2,repair_only,soft,0.75,0.03,0.7860899960378127,0.025393647980773967
phishing,tabiclv2,2,full,geometric,0.75,,0.7856156703290771,0.02581029425595289
phishing,tabiclv2,3,raw_only,j1,0.5,,0.7790349835253646,0.025792038898259324
phishing,tabiclv2,3,pool_only,arithmetic,0.5,,0.7780699041562833,0.02744798502792059
phishing,tabiclv2,3,repair_only,soft,0.0,1.0,0.7969863356268072,0.020209702195143203
phishing,tabiclv2,3,full,soft,0.0,1.0,0.7969863356268072,0.020209702195143203
phishing,tabiclv2,4,raw_only,j1,0.5,,0.8555414182277099,0.024590430745236286
phishing,tabiclv2,4,pool_only,geometric,0.5,,0.8419167915769024,0.02541313900432425
phishing,tabiclv2,4,repair_only,soft,0.5,0.03,0.8420282999721044,0.0250870956276643
phishing,tabiclv2,4,full,geometric,0.5,,0.8419167915769024,0.02541313900432425
phishing,tabiclv2,5,raw_only,j1,0.5,,1.062749739436644,0.02461056456613869
phishing,tabiclv2,5,pool_only,geometric,1.0,,1.062749739436644,0.024610564566138707
phishing,tabiclv2,5,repair_only,soft,1.0,0.03,1.0624629623962965,0.02420879719212961
phishing,tabiclv2,5,full,j1,0.5,,1.062749739436644,0.02461056456613869
phishing,tabpfn3,1,raw_only,j1,0.5,,0.7232173986730612,0.0207064927671487
phishing,tabpfn3,1,pool_only,geometric,1.0,,0.7232173986730612,0.020706492767148706
phishing,tabpfn3,1,repair_only,soft,1.0,0.03,0.7233823150005347,0.020422233227277483
phishing,tabpfn3,1,full,j1,0.5,,0.7232173986730612,0.0207064927671487
phishing,tabpfn3,2,raw_only,j2,0.5,,0.7775508336712975,0.02617383300626431
phishing,tabpfn3,2,pool_only,geometric,0.0,,0.7775508336712975,0.02617383300626431
phishing,tabpfn3,2,repair_only,soft,0.0,0.03,0.7779653280519453,0.025805525101445168
phishing,tabpfn3,2,full,j2,0.5,,0.7775508336712975,0.02617383300626431
phishing,tabpfn3,3,raw_only,j1,0.5,,0.7972056188866359,0.02050377246328397
phishing,tabpfn3,3,pool_only,geometric,0.75,,0.7942369610355615,0.02224118093442369
phishing,tabpfn3,3,repair_only,soft,0.75,0.03,0.7946974044900401,0.021888174506599543
phishing,tabpfn3,3,full,geometric,0.75,,0.7942369610355615,0.02224118093442369
phishing,tabpfn3,4,raw_only,j2,0.5,,0.8509875956977215,0.024224218196640328
phishing,tabpfn3,4,pool_only,geometric,0.0,,0.8509875956977215,0.024224218196640328
phishing,tabpfn3,4,repair_only,soft,0.0,0.03,0.8510357617835821,0.02392406714579559
phishing,tabpfn3,4,full,j2,0.5,,0.8509875956977215,0.024224218196640328
phishing,tabpfn3,5,raw_only,j1,0.5,,1.0189454296317906,0.015354754149888959
phishing,tabpfn3,5,pool_only,geometric,1.0,,1.0189454296317906,0.015354754149888973
phishing,tabpfn3,5,repair_only,soft,0.0,10.0,1.0343277292752449,0.0030257490157809866
phishing,tabpfn3,5,full,soft,0.0,10.0,1.0343277292752449,0.0030257490157809866
phishing,catboost,1,raw_only,j2,0.5,,0.9614053926637163,0.030896278538598426
phishing,catboost,1,pool_only,geometric,0.25,,0.955669479748482,0.02867059207395726
phishing,catboost,1,repair_only,soft,0.25,1.0,0.9588336522605313,0.017428626418994515
phishing,catboost,1,full,soft,0.25,1.0,0.9588336522605313,0.017428626418994515
phishing,catboost,2,raw_only,j2,0.5,,1.0294975251695342,0.041632976113749554
phishing,catboost,2,pool_only,geometric,0.25,,1.0320877826790906,0.040174240492837784
phishing,catboost,2,repair_only,soft,0.0,1.0,1.0264408289957196,0.028818033576494786
phishing,catboost,2,full,soft,0.0,1.0,1.0264408289957196,0.028818033576494786
phishing,catboost,3,raw_only,j2,0.5,,0.9883682946944226,0.03703566352198079
phishing,catboost,3,pool_only,geometric,0.0,,0.9883682946944226,0.0370356635219808
phishing,catboost,3,repair_only,soft,0.0,3.0,0.9801301303792398,0.015464319675964046
phishing,catboost,3,full,soft,0.0,3.0,0.9801301303792398,0.015464319675964046
phishing,catboost,4,raw_only,j2,0.5,,1.0780682443081433,0.0359229181319351
phishing,catboost,4,pool_only,geometric,0.5,,1.06862639327439,0.033367038302962074
phishing,catboost,4,repair_only,soft,0.5,0.3,1.068791875374727,0.02699616274950778
phishing,catboost,4,full,soft,0.5,0.3,1.068791875374727,0.02699616274950778
phishing,catboost,5,raw_only,j2,0.5,,1.1771632427259724,0.03393749879954267
phishing,catboost,5,pool_only,geometric,0.0,,1.1771632427259728,0.03393749879954268
phishing,catboost,5,repair_only,soft,0.0,0.1,1.1749435153841876,0.03206970673290861
phishing,catboost,5,full,soft,0.0,0.1,1.1749435153841876,0.03206970673290861
