dataset,model,family,joint_nll_mean,marginal_distortion_mean
anneal,catboost,full,0.8947758623241315,0.029196141446530027
anneal,catboost,pool_only,0.89397972273356,0.03158109488607678
anneal,catboost,raw_only,0.89397972273356,0.03158109488607678
anneal,catboost,repair_only,0.893525041083677,0.028388200432303168
anneal,tabiclv2,full,0.3527349248791943,0.005828052626844586
anneal,tabiclv2,pool_only,0.35366114607687404,0.008400403630299499
anneal,tabiclv2,raw_only,0.35366114607687404,0.008400403630299499
anneal,tabiclv2,repair_only,0.35284588180250104,0.005690850686987046
anneal,tabpfn3,full,0.3698373938135129,0.002770621361847522
anneal,tabpfn3,pool_only,0.36577927631238205,0.00610119324275786
anneal,tabpfn3,raw_only,0.37039020937373496,0.00508212755311522
anneal,tabpfn3,repair_only,0.3698820840261776,0.002738721336742662
car,catboost,full,1.6045149326838786,0.005585463859497949
car,catboost,pool_only,1.617364329061812,0.0262646119125718
car,catboost,raw_only,1.6163982272289785,0.025367980739532902
car,catboost,repair_only,1.6045149326838786,0.005585463859497949
car,tabiclv2,full,1.276317283614566,0.034706465316571976
car,tabiclv2,pool_only,1.2753840174398814,0.03598360781138166
car,tabiclv2,raw_only,1.2764403752080793,0.03510486042503912
car,tabiclv2,repair_only,1.2788957821790308,0.03341440948714862
car,tabpfn3,full,1.2940902688532518,0.027146220703010128
car,tabpfn3,pool_only,1.2903638228305507,0.03697749631648144
car,tabpfn3,raw_only,1.3207161043140005,0.03488283637697086
car,tabpfn3,repair_only,1.3000076869662707,0.024321582556756968
credit,catboost,full,1.7400188711817184,0.01447067223229189
credit,catboost,pool_only,1.7434139472522443,0.02165661431967464
credit,catboost,raw_only,1.7462112457166419,0.02073384788637056
credit,catboost,repair_only,1.7398774086719193,0.014127750749788648
credit,tabiclv2,full,1.7367173325802774,0.013637760966696322
credit,tabiclv2,pool_only,1.7328540196509938,0.02149617395557298
credit,tabiclv2,raw_only,1.7374387808951888,0.021547749987510918
credit,tabiclv2,repair_only,1.7366679100234261,0.013441813328342243
credit,tabpfn3,full,1.7186486720677678,0.01646531348408366
credit,tabpfn3,pool_only,1.7186486720677678,0.01646531348408366
credit,tabpfn3,raw_only,1.7207675997839644,0.015505143690915341
credit,tabpfn3,repair_only,1.718781915811422,0.016096622756546462
customer,catboost,full,1.4446801755185796,0.008034693255670114
customer,catboost,pool_only,1.442084801565896,0.012637776705523199
customer,catboost,raw_only,1.4423815612326125,0.01244945396812494
customer,catboost,repair_only,1.444619753712231,0.007811666836260093
customer,tabiclv2,full,1.435256328521169,0.007787870477817219
customer,tabiclv2,pool_only,1.4323888422778057,0.0151394464124311
customer,tabiclv2,raw_only,1.4328702922823506,0.01594932306610964
customer,tabiclv2,repair_only,1.4352692322937428,0.00774549292827766
customer,tabpfn3,full,1.4211565694638326,0.0007278868277642203
customer,tabpfn3,pool_only,1.4210440727846625,0.00258182789294426
customer,tabpfn3,raw_only,1.421197125813429,0.0024382428816942
customer,tabpfn3,repair_only,1.4211588731688938,0.0007073267238508804
diamonds,catboost,full,2.7727235087372093,0.013546557190067452
diamonds,catboost,pool_only,2.770934205918048,0.027830601469172322
diamonds,catboost,raw_only,2.774754268008328,0.029869714990318756
diamonds,catboost,repair_only,2.772411377384107,0.013258663817950673
diamonds,tabiclv2,full,2.1846758261291432,0.03744241317403898
diamonds,tabiclv2,pool_only,2.1875424245452977,0.04044650504845536
diamonds,tabiclv2,raw_only,2.205386305742035,0.04208448688383224
diamonds,tabiclv2,repair_only,2.1880278884913755,0.03593918243527432
diamonds,tabpfn3,full,2.241908429908173,0.007802255885115831
diamonds,tabpfn3,pool_only,2.249872797247181,0.023313005012048478
diamonds,tabpfn3,raw_only,2.244365118053753,0.02297683787468632
diamonds,tabpfn3,repair_only,2.242105503778286,0.00766761349521967
marketing,catboost,full,1.8045912294695383,0.00480895492720426
marketing,catboost,pool_only,1.79865054142017,0.0201620695686969
marketing,catboost,raw_only,1.801409992532647,0.017244870614869182
marketing,catboost,repair_only,1.8045235251383136,0.0046702348815226
marketing,tabiclv2,full,1.757773492432646,0.0038796606414053295
marketing,tabiclv2,pool_only,1.760783200472201,0.01450873017265438
marketing,tabiclv2,raw_only,1.7640775275038294,0.013098952538593642
marketing,tabiclv2,repair_only,1.7579351992680263,0.0037994107528539094
marketing,tabpfn3,full,1.7213803359712958,0.00464413822593438
marketing,tabpfn3,pool_only,1.7234469608787364,0.0065370592234482395
marketing,tabpfn3,raw_only,1.7230566991918235,0.006797874294892581
marketing,tabpfn3,repair_only,1.721347866761954,0.00453067302612354
mic,catboost,full,1.0145789807338172,0.012808615358664779
mic,catboost,pool_only,1.0145789807338172,0.012808615358664779
mic,catboost,raw_only,1.0145789807338172,0.012808615358664779
mic,catboost,repair_only,1.014365267627252,0.012436957083905058
mic,tabiclv2,full,1.0005704332988299,0.0069071702006032795
mic,tabiclv2,pool_only,0.9973119778364243,0.01142113757543596
mic,tabiclv2,raw_only,0.9966145740662137,0.011441801931628439
mic,tabiclv2,repair_only,1.0005965093541291,0.00678049212402602
mic,tabpfn3,full,0.9845607019243369,0.003440647820810154
mic,tabpfn3,pool_only,0.9844436420921048,0.00489274430816374
mic,tabpfn3,raw_only,0.9836896245714961,0.00487069088198634
mic,tabpfn3,repair_only,0.9845196332921539,0.0033579076143590543
nursery,catboost,full,1.5922837827024474,0.02654459002081646
nursery,catboost,pool_only,1.5882897498673014,0.032975234561794
nursery,catboost,raw_only,1.590871955722894,0.03276159042417378
nursery,catboost,repair_only,1.5922837827024474,0.02654459002081646
nursery,tabiclv2,full,1.385429971523186,0.0343843725587938
nursery,tabiclv2,pool_only,1.378622708291593,0.04050228570096898
nursery,tabiclv2,raw_only,1.3836825506115182,0.039733699491622
nursery,tabiclv2,repair_only,1.3848513318626825,0.03429134390646102
nursery,tabpfn3,full,1.3445409919524374,0.03363394930018594
nursery,tabpfn3,pool_only,1.3424076360708106,0.034095857006529826
nursery,tabpfn3,raw_only,1.3424076360708106,0.034095857006529826
nursery,tabpfn3,repair_only,1.3447943689542676,0.03344627343782404
phishing,catboost,full,1.0418280004788811,0.024155369830773897
phishing,catboost,pool_only,1.0443830386244717,0.034637006638256064
phishing,catboost,raw_only,1.0469005399123579,0.03588506702116126
phishing,catboost,repair_only,1.0418280004788811,0.024155369830773897
phishing,tabiclv2,full,0.8424318419434733,0.025126934762568297
phishing,tabiclv2,pool_only,0.8386485556493687,0.026574591329123782
phishing,tabiclv2,raw_only,0.8407465468161227,0.0253717763433982
phishing,tabiclv2,repair_only,0.8426271674045337,0.024792002752461663
phishing,tabpfn3,full,0.8360641036705774,0.01927429478405156
phishing,tabpfn3,pool_only,0.8329876437418864,0.021740095810873158
phishing,tabpfn3,raw_only,0.8335813753121013,0.02139261411664522
phishing,tabpfn3,repair_only,0.8362817077202693,0.01901314979937968
wine,catboost,full,1.2685540930354597,0.0247661567403067
wine,catboost,pool_only,1.2687958172440044,0.02826303869981498
wine,catboost,raw_only,1.2687946740163405,0.02915349273468054
wine,catboost,repair_only,1.2684587075670515,0.02429800227733968
wine,tabiclv2,full,1.1044702273843,0.0173199821276828
wine,tabiclv2,pool_only,1.1047429604313792,0.01812308163504052
wine,tabiclv2,raw_only,1.1055876307373653,0.02226910543645614
wine,tabiclv2,repair_only,1.104361330259857,0.01689341156505752
wine,tabpfn3,full,1.0942685752895156,0.00888777797718846
wine,tabpfn3,pool_only,1.0943228065754262,0.00918447051568328
wine,tabpfn3,raw_only,1.1001057854465162,0.0041653360353894
wine,tabpfn3,repair_only,1.0943422507962388,0.0082903821696163
