task,sigma_pa,sigma_pb,sigma_a_given_b,sigma_b_given_a,selected_policy,selected_weight,selected_lambda,oracle_full_family_method,oracle_full_family_nll,nll_j1,nll_j2,nll_arithmetic,nll_geometric,nll_hard_core,nll_soft_core_1,nll_selective_core
0,0.695532232475372,0.6059052854628818,0.4107025474904507,0.7272481982233283,geometric,0.5,,arithmetic,1.5216527775335644,1.5606161389224824,1.6422297532773311,1.5216527775335644,1.5236827324508717,1.722930862532144,1.5617183771743113,1.5236827324508717
1,0.17628330564938235,0.6077482094315092,0.4884389669097838,0.2480865447304947,j2_a_then_b,,,soft_w0_l0.1,1.484743104752905,1.600563054225632,1.485164256505008,1.50185924212606,1.5048918375110298,1.5994716107339055,1.5242382712394709,1.485164256505008
2,0.1510583346004596,0.06797743922747394,0.10077740106737831,0.12735965187943946,geometric,0.5,,geometric_w0.75,1.44745178242078,1.44828188169027,1.45343728460957,1.4480307129699117,1.4480355159296683,1.454922882271684,1.4493565003734026,1.4480355159296683
3,0.10667621620703874,0.2477282710786269,0.12193201500729217,0.07098571322071433,geometric,0.25,,geometric_w0.25,1.393762190383606,1.4077393761866683,1.394275110501765,1.3957897463133373,1.3958460294229864,1.4173825530524542,1.3998533960863595,1.393762190383606
4,0.08270374471694333,0.31144566069519936,0.3336226753436496,0.21154627484466718,soft,0.25,0.1,geometric_w0.25,1.4940166876308922,1.5296903337231411,1.4956379372038358,1.4989037681799662,1.4992105702392309,1.530476401128242,1.503257809157502,1.494356543597221
5,0.07678048799529076,0.5604335763273713,0.12025703387489543,0.08953272833713032,geometric,0.25,,j2,1.4757781299908361,1.5556392266663925,1.4757781299908361,1.4929352360699377,1.494737597939003,1.5935617755705953,1.5142300731421607,1.4798465496422761
6,0.05419401208888809,0.12119497978551692,0.04995975497462976,0.3604934986768657,soft,1.0,3.0,soft_w0.75_l0.3,1.4652299671685352,1.4656674169734332,1.4825317333977897,1.468062838850357,1.4680579536903267,1.471170980337945,1.4673965066057495,1.465922094261196
7,0.3133250989235859,0.233808038441532,0.37092887991116047,0.041035798719168785,geometric,0.25,,arithmetic,1.5482967919987385,1.5760638574039851,1.5574985531768177,1.5482967919987385,1.5485423266529987,1.5722693462273825,1.555733838618374,1.5484748976746066
8,0.197126353466751,0.21609745776805203,0.13856778246965135,0.22669887130132627,geometric,0.75,,geometric_w0.5,1.5269719092592497,1.5327579028988447,1.5373020000032083,1.5270123741615693,1.5269719092592497,1.5404349395195516,1.531364990876268,1.527838898112461
9,0.065325030133405,0.16824346126784948,0.1444703680846143,0.6587590359700382,soft,0.75,0.3,soft_w1_l1,1.4434294958186733,1.4455223555726215,1.501094391733706,1.4539393295352179,1.454620117011808,1.455668274072745,1.4499927699101336,1.444312084729127
10,0.08147105598504975,0.12135683314967494,0.5617740948948609,0.3397263293746339,soft,0.25,1.0,soft_w0.25_l3,1.5319842470652107,1.5858798643762189,1.543925624049633,1.541707646193342,1.5424826192797971,1.537178621483157,1.5353541616175346,1.5325334343349382
11,0.1278778628047496,0.17197805675833494,0.07362960023377162,0.1507816430794728,geometric,0.5,,arithmetic,1.4337974254687451,1.4380414064662757,1.4373059835011568,1.4337974254687451,1.4338073631055883,1.4480552580540846,1.4360319358760802,1.4338073631055883
12,0.08540784472524249,0.1249919831670489,0.4706584215347642,0.13161783362822496,j2_a_then_b,,,soft_w0_l0.3,1.5770490680528855,1.621698739389959,1.5777252125654089,1.5853280271538561,1.5859260652493326,1.5853904856528183,1.5825865838031319,1.5777252125654089
13,0.04267955605131936,0.1070259887507833,0.3177227277370155,0.14669741515731058,soft,1.0,1.0,soft_w0.25_l1,1.4774824970545453,1.4977443163254365,1.4783061342646884,1.4810114387331474,1.4811198370090681,1.4819996423051938,1.479363868435559,1.4888258931473441
14,0.04013155142691455,0.1092025728498632,0.08355297666525015,0.13800983279561335,soft,0.0,3.0,arithmetic,1.5614506608995502,1.563713361070931,1.5633637885763891,1.5614506608995502,1.5614522959586878,1.5653277118215816,1.5618581008007706,1.5632854437134878
15,0.18712909655208976,0.06483756469609957,0.6669946271518207,0.1019857160728148,soft,0.0,1.0,soft_w0_l1,1.4400634292764196,1.5074950805414788,1.4413378802828338,1.451290063881189,1.4531516342781634,1.4517953479882102,1.4476068432963272,1.4400634292764196
16,0.08103848830100831,0.2652421532351817,0.5037014276154549,0.14313368987280092,soft,0.0,1.0,soft_w0_l0.1,1.5296343202923028,1.598153098234209,1.529793622980585,1.5436969447618802,1.5445327469373058,1.550186009851101,1.5423088155585702,1.5320291479756492
17,0.10502168463419631,0.6437444319645228,0.13032106658739875,0.10645694417874825,geometric,0.25,,j2,1.5153734822335727,1.5923847918817609,1.5153734822335727,1.530509304298698,1.5325582154242783,1.5927237253549182,1.557095356305205,1.5184383651016522
18,0.3042273191733007,0.2599965925488691,0.25607292040308177,0.14601797590948892,arithmetic,,,arithmetic,1.5462594790502209,1.561142344443537,1.5604557525771225,1.5462594790502209,1.5462956261312466,1.592319699196389,1.5554138698052162,1.5462594790502209
19,0.14190284759606295,0.18419660666270293,0.21427452225402036,0.10594235450078943,geometric,0.25,,geometric_w0.25,1.502486558066431,1.5136792242474273,1.5047407277740756,1.503212822023689,1.503230095562578,1.5190235105794214,1.5056881327934362,1.502486558066431
20,0.08417219847795981,0.08439467560914463,0.36580921748641265,0.10869749658868672,soft,0.0,0.3,soft_w0_l1,1.447512379473896,1.4714223150842825,1.4480674890068839,1.4520125902692356,1.4522476844149328,1.4526964355985807,1.4501644498230655,1.44761370141198
21,0.2897614177768459,0.44910204730673525,0.2744686468257912,0.2028592473084034,geometric,0.25,,geometric_w0.25,1.4978720214899284,1.5390375196113273,1.5067024562915525,1.5000636490770514,1.5003470657272173,1.5749589713804029,1.5159109821481638,1.4978720214899284
22,0.37704586522760797,0.6943493316078014,0.1277690770529417,0.08710439333105241,geometric,0.25,,geometric_w0.25,1.4970818631325793,1.561262159267044,1.5076920468305255,1.501835397567435,1.502450452197813,1.597024026744696,1.5400594984769578,1.4970818631325793
23,0.04663207549531981,0.06304230348348784,0.537991569050512,0.048537448877562214,soft,0.0,0.3,soft_w0_l0.3,1.5134304747692795,1.569316903425315,1.5135164916767583,1.526206217242802,1.5272269833445915,1.5206262692078238,1.5217456312251816,1.5134304747692795
24,0.04632514640180432,0.3717366694321124,0.1284455189519632,0.060642749873870874,j2_a_then_b,,,j2,1.3743976418561388,1.4103453487058957,1.3743976418561388,1.38246094653113,1.3829156167622745,1.424121713390187,1.3916908214709833,1.3743976418561388
25,0.06811327795559713,0.600198082785632,0.2870886124656031,0.1778453469231843,soft,0.0,0.1,soft_w0_l0.03,1.4859257099135998,1.578461523115262,1.4860225859215266,1.5041625560603742,1.5064336636534605,1.6009640003305803,1.5257184462054132,1.4861915995078618
26,0.07292313917363906,0.1294887402359963,0.2545515272641402,0.24627096926478403,soft,0.25,1.0,soft_w0.5_l1,1.5759930538352307,1.587291309681375,1.5824657774639084,1.576976029342217,1.5770262814764633,1.5807846075654346,1.5759930538352307,1.5763609375070757
27,0.06942788355474588,0.5979717993712009,0.06602546267840832,0.2020951163215871,geometric,0.0,,soft_w0_l0.03,1.5655246996187606,1.647839916053608,1.5656857932241541,1.5796374326060652,1.5823459480100017,1.685851225578322,1.6056376841977653,1.5656857932241541
28,0.16173737459880685,0.6096947937906265,0.14552993483568163,0.11844942426207698,geometric,0.25,,soft_w0_l0.03,1.57383180098976,1.6585597160264764,1.5738528536513168,1.588845301952934,1.591217687041808,1.6773084738157475,1.6181204092672787,1.5760468133185832
29,0.5826648294157795,0.06001482343730429,0.1608607119157852,0.22363871919201367,soft,0.75,0.1,soft_w1_l0.03,1.5518250930672806,1.551984048487707,1.6399744793420632,1.568501156268598,1.5707413276744662,1.6718609514775875,1.591802820946317,1.5574495398434232
30,0.08067127351057136,0.05765211125152254,0.10587742436130138,0.05697750436689061,j1_b_then_a,,,arithmetic,1.430306380640154,1.431888552379037,1.431255203875944,1.430306380640154,1.4303084546008202,1.4332820083642666,1.4306766242493083,1.431888552379037
31,0.27020210707907005,0.07915649317817282,0.3110418628832115,0.6228492917092563,arithmetic,,,soft_w0.75_l0.3,1.496434270655523,1.5031320511065083,1.5614849890981566,1.5056996539005207,1.50617465050524,1.5146065955131247,1.5037201473802453,1.5056996539005207
32,0.11703661198670745,0.45521821378418603,0.1333810442025581,0.448523626650515,arithmetic,,,arithmetic,1.504658974070429,1.5333883106543618,1.5231497382138064,1.504658974070429,1.5052435554559356,1.545795059300589,1.5157081525052665,1.504658974070429
33,0.08174417325012749,0.099639142112137,0.2348391290800168,0.44660344343983216,geometric,0.75,,soft_w0.75_l3,1.540511169341866,1.5471038492485214,1.5697376552499949,1.5455854956839232,1.54585825016995,1.5445473387748145,1.5424763229971505,1.5433129225081186
34,0.669062956879718,0.7295955011752296,0.2609526175731223,0.5715412968791973,arithmetic,,,arithmetic,1.5974226900528001,1.6553754267219025,1.6982844754920683,1.5974226900528001,1.6006246697894515,1.8207086206780116,1.6605117608199955,1.5974226900528001
35,0.07449784504690941,0.6708278668166048,0.42656062133600425,0.20724223302885528,soft,0.0,0.03,soft_w0_l0.03,1.488739819109525,1.616620921911444,1.4888888727918883,1.5133214220435691,1.5171854115059082,1.6227653721834556,1.539180888877872,1.488739819109525
36,0.08354787743632189,0.06341681845624475,0.053480194517813474,0.05701750341006347,soft,0.0,1.0,arithmetic,1.4924142215301048,1.4930209184332952,1.4937988724612796,1.4924142215301048,1.4924152148350247,1.495346567345458,1.4930609505361943,1.493690951199492
37,0.6306711833606536,0.07854090678440791,0.12873007469121558,0.3580676204785379,j1_b_then_a,,,soft_w1_l0.03,1.5222263048549711,1.5222323721760214,1.6456956207609958,1.5482148842132977,1.5517996597809616,1.655597902453955,1.5772000259055987,1.5222323721760214
38,0.06058819222284649,0.2845449555019681,0.23135209620921954,0.06432506787659677,j2_a_then_b,,,soft_w0_l0.03,1.4581024569677299,1.4866983064272552,1.4581122351962035,1.464360317020223,1.4645470231406643,1.4881435990331904,1.4686956589815,1.4581122351962035
39,0.7176230542195778,0.3355974355496581,0.05506053095013947,0.05296837047657941,geometric,0.75,,geometric_w0.75,1.406869483893229,1.4097219087467052,1.504227734807419,1.418498361699819,1.4221994275944498,1.553338107105631,1.46231916811571,1.406869483893229
40,0.15908525781213162,0.3370764063104707,0.4996157463882046,0.29888215934186907,geometric,0.25,,soft_w0.25_l0.03,1.52157522365424,1.5841114397344618,1.5268332336747839,1.5288298584238584,1.5295830570760298,1.5594301246602367,1.531491166346317,1.521612449362361
41,0.07829503130137602,0.04904087167895863,0.18826523075760243,0.08703631185775895,mpr,1.0,,soft_w0.25_l0.3,1.303175069209888,1.3079904824401143,1.303983946124848,1.3037075203181931,1.3037151691743893,1.3050318268142607,1.3034554311660962,1.306477799645858
42,0.09021545862818592,0.2006214138925915,0.6631219057957213,0.09789597613208519,soft,0.0,0.1,soft_w0_l0.1,1.4305137842503035,1.524407036263601,1.4306483203585851,1.450850892442062,1.4527384199382318,1.448800028694587,1.445139018626194,1.4305137842503035
43,0.28236826778415713,0.5165311537080889,0.2619694793284045,0.43125034396443107,arithmetic,,,geometric_w0.5,1.4578368352284203,1.4922359113148747,1.479189905967688,1.4581823816783908,1.4578368352284203,1.5031821301802861,1.4731651884803314,1.4581823816783908
44,0.30457296448844723,0.07678465751348966,0.10364209366320533,0.574725744741642,soft,1.0,0.3,soft_w1_l0.1,1.5823608586045317,1.5824291142437648,1.6679783115379156,1.6005981946149135,1.6024132573926366,1.6172832218345576,1.6032059068347773,1.5830545438034571
45,0.10846987972879295,0.13774261480285688,0.1300450120077938,0.5198725897894829,soft,0.5,10.0,soft_w1_l1,1.4945987497890556,1.4955538200115106,1.5417218611358672,1.5026021507892497,1.5032801815355599,1.5040722532503321,1.499391198493407,1.5012961801894038
46,0.27310121232769613,0.3099833388709383,0.09506223711008413,0.2116461392651997,geometric,0.75,,arithmetic,1.4736941280441564,1.4851748599876826,1.4881504348930727,1.4736941280441564,1.4738138837824002,1.5143525220168084,1.484432333415342,1.4763027777140412
47,0.18368191176540594,0.1963882839582329,0.4744590232357324,0.10887903717040347,j2_a_then_b,,,soft_w0.25_l0.03,1.5007047045838404,1.5470725933314242,1.5018194099985747,1.5073626786154297,1.5079773505251528,1.5204038262764863,1.5067627641971282,1.5018194099985747
48,0.11531329114603589,0.44738803490948237,0.08770514046992892,0.3737973080016218,geometric,0.25,,arithmetic,1.5459740539851439,1.572993623856068,1.5573482730092953,1.5459740539851439,1.546421927373821,1.5898860417442366,1.5569666294643958,1.5471470139223231
49,0.07910028043227692,0.12633235431258757,0.04840432031021793,0.4876154672653808,j1_b_then_a,,,soft_w1_l0.3,1.4668849064907208,1.4672194483761853,1.506739249048483,1.4745957823270366,1.4751153858368018,1.4752302654863376,1.472616499438962,1.4672194483761853
50,0.054514543687984286,0.2268341715496154,0.0885836504916826,0.14706958106881213,geometric,0.25,,geometric_w0.25,1.515681587114925,1.5264633619676156,1.5168782184302159,1.5168646056785062,1.51687937035492,1.5323878009041072,1.519821111890743,1.515681587114925
51,0.34351080201050044,0.20263947862993412,0.07838859216955903,0.04210811004697454,j1_b_then_a,,,geometric_w0.75,1.4112844821897494,1.4146002494835301,1.4292288992390754,1.4124736217327127,1.412651727008427,1.4542777606189745,1.4217756384247662,1.4146002494835301
52,0.07309043187683899,0.11197458121683104,0.22599813718762748,0.18923576551068175,soft,0.5,0.3,soft_w0.25_l1,1.5793571785283684,1.5904801875966703,1.582480333355085,1.5803691606468198,1.5804030147419397,1.5805478391832795,1.5794806371929317,1.579748716875441
53,0.4911590273708109,0.24845907157179936,0.6055782513695108,0.21042249970661436,arithmetic,,,arithmetic,1.580107324189241,1.6278858725964918,1.611038992602274,1.580107324189241,1.5808637025022374,1.6601562198521411,1.5932905520762928,1.580107324189241
54,0.10704567037354588,0.6971491216311111,0.07441243668115846,0.26264707867862874,j2_a_then_b,,,soft_w0_l0.1,1.5188252754753626,1.6169893683066685,1.5191729840762191,1.5333010951822788,1.5365085177225397,1.665096271530553,1.565005191486308,1.5191729840762191
55,0.04559462767614875,0.11059374214603834,0.4585362640340724,0.3093992036781019,soft,0.5,1.0,soft_w0.25_l3,1.4492678224685072,1.4899163033423268,1.458657500153322,1.4577163155474322,1.458170669663995,1.4512706190062217,1.4519299711161222,1.4519299711161222
56,0.08511034256309355,0.6913968588721875,0.04920027077115293,0.24698721134778284,soft,0.0,0.03,soft_w0_l0.03,1.4541290460966558,1.5613702140298003,1.4543137096469179,1.4724371585684948,1.4764905029944155,1.6165843766057466,1.5058196824752745,1.4541290460966558
57,0.31201192655300847,0.242016287617259,0.04658045017142726,0.4854065372258676,soft,1.0,0.3,geometric_w0.75,1.5387609923609789,1.5413900840962227,1.5954705261999071,1.5465370301937718,1.5469383306303088,1.5915971565967075,1.5531865235933886,1.5411189754052261
58,0.1773790150504471,0.4702947290235632,0.04090776623976102,0.17238747042018152,geometric,0.25,,geometric_w0.25,1.5351511723286375,1.5681336605642167,1.5381832789182845,1.5386324663099493,1.5392211680470922,1.5869828901177492,1.553359890345336,1.5351511723286375
59,0.13140118718040744,0.378706463210598,0.14805207703514361,0.12435320734709585,geometric,0.25,,geometric_w0.25,1.526002165028212,1.5596492992786377,1.5268023509648156,1.5308945687560551,1.5312579488624902,1.5801221182768754,1.541035751222585,1.526002165028212
